{
  "experiment": "4a",
  "description": "Testing temperature effects on human preference alignment",
  "parameters": {
    "cutoff": 3,
    "num_examples": 3
  },
  "results": {
    "baseline_accuracy": 0.6666666666666666,
    "temperatures": [
      0.0,
      0.1,
      0.2,
      0.30000000000000004,
      0.4,
      0.5,
      0.6000000000000001,
      0.7000000000000001,
      0.8,
      0.9,
      1.0
    ],
    "no_reasoning": {
      "0.0": 1.0,
      "0.1": 1.0,
      "0.2": 1.0,
      "0.30000000000000004": 1.0,
      "0.4": 1.0,
      "0.5": 1.0,
      "0.6000000000000001": 1.0,
      "0.7000000000000001": 1.0,
      "0.8": 1.0,
      "0.9": 1.0,
      "1.0": 1.0
    },
    "with_reasoning": {
      "0.0": 0.6666666666666666,
      "0.1": 0.6666666666666666,
      "0.2": 0.8333333333333334,
      "0.30000000000000004": 0.8333333333333334,
      "0.4": 0.8333333333333334,
      "0.5": 0.5,
      "0.6000000000000001": 0.6666666666666666,
      "0.7000000000000001": 0.6666666666666666,
      "0.8": 0.5,
      "0.9": 0.8333333333333334,
      "1.0": 1.0
    },
    "method_comparison": {
      "Always\ntie": 0.5,
      "Random\nchoice": 0.5,
      "Pairwise\nbaseline": 0.6666666666666666,
      "Pairwise\nno reasoning": 0.6666666666666666,
      "GPT-4o-mini\nbasic": 1.0,
      "GPT-4o-mini\nw/reasoning": 1.0,
      "GPT-4o-mini\nw/reasoning after": 1.0,
      "GPT-4o-mini\n10 trials": 1.0,
      "GPT-4o-mini\nw/reference": 1.0
    }
  },
  "intermediate_scores": {
    "pairwise_baseline": [
      1,
      0,
      1
    ],
    "pairwise_no_reasoning": [
      1,
      0,
      1
    ],
    "no_reasoning_temps": {
      "temp_0.0": [
        1,
        1,
        1
      ],
      "temp_0.1": [
        1,
        1,
        1
      ],
      "temp_0.2": [
        1,
        1,
        1
      ],
      "temp_0.3": [
        1,
        1,
        1
      ],
      "temp_0.4": [
        1,
        1,
        1
      ],
      "temp_0.5": [
        1,
        1,
        1
      ],
      "temp_0.6": [
        1,
        1,
        1
      ],
      "temp_0.7": [
        1,
        1,
        1
      ],
      "temp_0.8": [
        1,
        1,
        1
      ],
      "temp_0.9": [
        1,
        1,
        1
      ],
      "temp_1.0": [
        1,
        1,
        1
      ]
    },
    "with_reasoning_temps": {
      "temp_0.0": [
        0.5,
        1,
        0.5
      ],
      "temp_0.1": [
        0.5,
        1,
        0.5
      ],
      "temp_0.2": [
        0.5,
        1,
        1
      ],
      "temp_0.3": [
        0.5,
        1,
        1
      ],
      "temp_0.4": [
        1,
        0.5,
        1
      ],
      "temp_0.5": [
        0.5,
        0.5,
        0.5
      ],
      "temp_0.6": [
        1,
        0.5,
        0.5
      ],
      "temp_0.7": [
        1,
        0.5,
        0.5
      ],
      "temp_0.8": [
        1,
        0,
        0.5
      ],
      "temp_0.9": [
        1,
        0.5,
        1
      ],
      "temp_1.0": [
        1,
        1,
        1
      ]
    },
    "additional_methods": {
      "gpt4o_mini_basic": [
        1,
        1,
        1
      ],
      "gpt4o_mini_reasoning": [
        1,
        1,
        1
      ],
      "gpt4o_mini_reasoning_after": [
        1,
        1,
        1
      ],
      "gpt4o_mini_10trials": [
        1,
        1,
        1
      ],
      "gpt4o_mini_reference": [
        1,
        1,
        1
      ],
      "always_tie": [
        0.5,
        0.5,
        0.5
      ],
      "random": [
        0,
        0.5,
        1
      ]
    }
  }
}