{
  "experiment": "3c",
  "description": "Testing model size vs judgment variance with detailed scoring scale",
  "parameters": {
    "scale": 10,
    "num_trials": 10,
    "cutoff": 80
  },
  "results": {
    "0.3": {
      "gpt-3.5-turbo": {
        "individual_variances": [
          0.0,
          0.0,
          0.1600000000000001,
          0.0,
          0.0,
          0.09,
          0.0,
          0.0,
          0.0,
          0.08999999999999997,
          0.0,
          0.0,
          0.08999999999999997,
          0.0,
          0.0,
          0.0,
          0.0,
          0.20999999999999996,
          0.09,
          0.0,
          0.08999999999999998,
          0.0,
          0.15999999999999998,
          0.0,
          0.0,
          1.44,
          0.0,
          0.08999999999999998,
          0.25,
          0.0,
          0.21000000000000002,
          0.24,
          0.6399999999999999,
          0.08999999999999997,
          0.0,
          1.3600000000000005,
          0.08999999999999998,
          0.25,
          0.0,
          0.0,
          0.0,
          0.25,
          0.0,
          0.0,
          0.09,
          0.0,
          0.0,
          0.0,
          0.0,
          0.21000000000000002,
          0.0,
          0.24,
          0.21000000000000002,
          0.08999999999999998,
          0.0,
          0.0,
          0.0,
          0.0,
          0.0,
          0.0,
          0.0,
          0.0,
          0.0,
          0.0,
          0.0,
          0.0,
          0.0,
          0.0,
          0.0,
          0.0,
          0.0,
          0.0,
          0.0,
          0.0,
          0.0,
          0.0,
          0.0,
          0.0,
          0.0,
          0.0
        ],
        "average_variance": 0.08412499999999999,
        "num_responses": 80
      },
      "gpt-4o-mini": {
        "individual_variances": [
          0.0,
          0.0,
          0.0,
          0.0,
          0.0,
          0.0,
          0.0,
          0.0,
          0.0,
          0.0,
          0.0,
          0.0,
          0.0,
          0.0,
          0.0,
          0.0,
          0.0,
          0.0,
          0.0,
          0.0,
          0.0,
          0.0,
          0.0,
          0.44000000000000006,
          0.09,
          0.0,
          0.0,
          0.0,
          0.0,
          0.16,
          0.8,
          0.09,
          0.0,
          0.0,
          0.0,
          0.0,
          0.0,
          0.0,
          0.0,
          2.4900000000000007,
          0.0,
          0.0,
          0.0,
          0.0,
          0.0,
          0.25,
          0.0,
          0.0,
          0.0,
          0.0,
          0.24000000000000005,
          0.09,
          0.0,
          0.08999999999999998,
          0.21000000000000002,
          0.25,
          0.0,
          0.0,
          0.0,
          0.09,
          0.0,
          0.0,
          0.0,
          0.0,
          0.25,
          0.0,
          0.0,
          0.0,
          0.0,
          0.0,
          0.0,
          0.0,
          0.0,
          0.0,
          0.0,
          0.0,
          0.0,
          0.0,
          0.0,
          0.0
        ],
        "average_variance": 0.06925,
        "num_responses": 80
      },
      "gpt-4o": {
        "individual_variances": [
          0.0,
          0.0,
          0.0,
          0.16000000000000006,
          0.0,
          0.09,
          0.0,
          0.0,
          0.16000000000000003,
          0.0,
          0.2899999999999999,
          0.24000000000000005,
          0.0,
          0.0,
          0.0,
          0.15999999999999998,
          0.0,
          0.16,
          0.09,
          0.0,
          0.0,
          0.0,
          0.08999999999999998,
          5.409999999999999,
          1.2899999999999998,
          0.08999999999999998,
          0.0,
          0.16,
          0.0,
          0.25,
          0.0,
          0.0,
          0.0,
          0.0,
          0.0,
          0.21000000000000002,
          0.0,
          0.24000000000000005,
          0.0,
          0.0,
          0.0,
          0.0,
          0.08999999999999997,
          0.25,
          0.0,
          0.16000000000000006,
          0.20999999999999996,
          0.0,
          0.0,
          0.0,
          0.21000000000000002,
          0.0,
          0.41,
          0.25,
          0.0,
          0.0,
          0.25,
          0.0,
          0.08999999999999997,
          0.16000000000000003,
          0.0,
          0.0,
          0.0,
          0.0,
          0.0,
          0.0,
          0.0,
          0.0,
          0.0,
          0.0,
          0.09
        ],
        "average_variance": 0.15859154929577468,
        "num_responses": 71
      }
    },
    "0.5": {
      "gpt-3.5-turbo": {
        "individual_variances": [
          0.0,
          0.0,
          0.25,
          0.0,
          0.0,
          0.21000000000000002,
          0.0,
          0.0,
          0.0,
          0.20999999999999996,
          0.0,
          0.15999999999999998,
          0.21000000000000002,
          0.0,
          0.09,
          0.0,
          0.0,
          0.16,
          0.08999999999999997,
          0.0,
          0.0,
          0.0,
          0.08999999999999997,
          0.0,
          0.29,
          5.45,
          0.0,
          0.41,
          0.16,
          0.0,
          0.08999999999999998,
          0.45,
          0.45,
          0.21000000000000002,
          0.2899999999999999,
          0.43999999999999995,
          0.29,
          0.24000000000000005,
          0.08999999999999998,
          0.09,
          0.0,
          0.25,
          0.0,
          0.0,
          0.08999999999999997,
          0.0,
          0.0,
          0.0,
          0.0,
          0.08999999999999998,
          0.2,
          0.16000000000000003,
          0.16000000000000003,
          0.21000000000000002,
          0.16,
          0.09,
          0.0,
          0.052500000000000005,
          0.16000000000000003,
          0.09,
          0.0,
          0.0,
          0.0,
          0.0,
          0.0,
          0.09,
          0.0,
          0.0,
          0.0,
          0.0,
          0.0,
          0.0,
          0.0,
          0.0,
          0.0,
          0.0,
          0.0,
          0.0,
          0.0,
          0.0
        ],
        "average_variance": 0.15278124999999998,
        "num_responses": 80
      },
      "gpt-4o-mini": {
        "individual_variances": [
          0.0,
          0.0,
          0.0,
          0.0,
          0.0,
          0.0,
          0.0,
          0.0,
          0.08999999999999997,
          0.0,
          0.0,
          0.0,
          0.0,
          0.0,
          0.09,
          0.0,
          0.0,
          0.0,
          0.0,
          0.09,
          0.08999999999999997,
          0.24,
          0.0,
          0.44000000000000006,
          0.24000000000000005,
          0.09,
          0.0,
          0.0,
          0.0,
          0.0,
          1.0399999999999998,
          0.0,
          0.0,
          0.0,
          0.0,
          0.08999999999999998,
          0.0,
          0.0,
          0.0,
          0.15999999999999998,
          0.0,
          0.0,
          0.0,
          1.4,
          0.0,
          0.8099999999999999,
          0.0,
          0.0,
          0.0,
          0.0,
          0.15999999999999998,
          0.0,
          0.0,
          0.21000000000000002,
          0.0,
          1.36,
          0.0,
          0.08999999999999998,
          0.0,
          0.0,
          0.0,
          0.0,
          0.0,
          0.08999999999999998,
          0.15999999999999998,
          0.0,
          0.0,
          0.0,
          0.0,
          0.0,
          0.09,
          0.0,
          0.0,
          0.0,
          0.0,
          0.0,
          0.0,
          0.0,
          0.0,
          0.0
        ],
        "average_variance": 0.08787500000000001,
        "num_responses": 80
      },