{
  "judge_model": "gpt-4o",
  "temperature": 0.5,
  "individual_variances": [
    0.0,
    0.0,
    0.0,
    0.08999999999999997,
    0.0,
    0.08999999999999998,
    0.24,
    0.09,
    0.0,
    0.09,
    0.41,
    0.15999999999999998,
    0.09,
    0.0,
    0.15999999999999998,
    0.24,
    0.0,
    0.15999999999999998,
    0.16,
    0.15999999999999998,
    0.09,
    0.09,
    0.0,
    0.24,
    1.09,
    0.41,
    0.0,
    0.56,
    0.0,
    0.24,
    0.09,
    0.0,
    0.0,
    0.0,
    0.43999999999999984,
    0.0,
    0.24,
    0.0,
    0.0,
    0.0,
    0.21000000000000002,
    0.16000000000000003,
    0.16,
    0.16000000000000003,
    0.45,
    0.21000000000000002,
    0.16,
    0.0,
    0.24,
    0.2899999999999999,
    0.0,
    0.0,
    0.41000000000000003,
    0.6399999999999999,
    0.25,
    0.2,
    0.29000000000000004,
    1.01,
    0.0,
    0.09,
    0.0,
    0.0,
    0.08999999999999998,
    0.08999999999999997,
    0.0,
    0.09,
    0.0,
    0.0,
    0.09,
    0.0,
    0.0,
    0.0,
    0.0,
    0.15999999999999998,
    0.0,
    0.0,
    0.15999999999999998,
    0.16
  ],
  "average_variance": 0.14615384615384616,
  "num_responses": 78,
  "parameters": {
    "scale": 10,
    "num_trials": 10,
    "temperature": 0.5,
    "cutoff": 80
  }
}