{
  "judge_model": "gpt-3.5-turbo",
  "temperature": 0.4,
  "individual_variances": [
    0.0,
    0.0,
    0.25,
    0.0,
    0.08999999999999998,
    0.21000000000000002,
    0.0,
    0.0,
    0.0,
    0.20999999999999996,
    0.0,
    0.0,
    0.09,
    0.0,
    0.0,
    0.0,
    0.0,
    0.24000000000000005,
    0.25,
    0.0,
    0.09,
    0.0,
    0.09,
    0.0,
    0.08999999999999998,
    1.65,
    0.0,
    0.08999999999999998,
    0.16000000000000003,
    0.0
  ],
  "average_variance": 0.117,
  "num_responses": 30,
  "parameters": {
    "scale": 10,
    "num_trials": 10,
    "temperature": 0.4,
    "cutoff": 30
  }
}