{
  "judge_model": "gpt-3.5-turbo",
  "temperature": 0.8,
  "individual_variances": [
    0.0,
    0.0,
    0.21000000000000002,
    0.35999999999999993,
    0.16,
    0.09,
    0.0,
    0.0,
    0.08999999999999997,
    0.44000000000000006,
    0.0,
    0.08999999999999998,
    0.48999999999999994,
    0.0,
    0.0,
    0.0,
    0.0,
    0.16000000000000003,
    0.44000000000000006,
    0.08999999999999998,
    0.08999999999999998,
    0.0,
    0.21000000000000002,
    0.0,
    0.48999999999999994,
    1.2,
    0.08999999999999998,
    0.7600000000000002,
    0.08999999999999997,
    0.09
  ],
  "average_variance": 0.18799999999999997,
  "num_responses": 30,
  "parameters": {
    "scale": 10,
    "num_trials": 10,
    "temperature": 0.8,
    "cutoff": 30
  }
}