{
  "judge_model": "gpt-3.5-turbo",
  "temperature": 0.1,
  "individual_variances": [
    0.0,
    0.0,
    0.16,
    0.0,
    0.0,
    0.0,
    0.0,
    0.0,
    0.0,
    0.0,
    0.0,
    0.0,
    0.0,
    0.0,
    0.0,
    0.0,
    0.0,
    0.0,
    0.0,
    0.0,
    0.0,
    0.0,
    0.0,
    0.0,
    0.0,
    0.6400000000000002,
    0.0,
    0.0,
    0.0,
    0.0
  ],
  "average_variance": 0.026666666666666675,
  "num_responses": 30,
  "parameters": {
    "scale": 10,
    "num_trials": 10,
    "temperature": 0.1,
    "cutoff": 30
  }
}