{
  "judge_model": "gpt-3.5-turbo",
  "temperature": 0.9,
  "individual_variances": [
    0.09,
    0.0,
    0.24,
    0.0,
    0.16000000000000003,
    0.09,
    0.0,
    0.08999999999999997,
    0.15999999999999998,
    0.41,
    0.08999999999999997,
    0.2,
    0.24,
    0.0,
    0.16000000000000006,
    0.0,
    0.0,
    0.21000000000000002,
    0.15999999999999998,
    0.09,
    0.41,
    0.09,
    0.21000000000000002,
    0.0,
    0.48999999999999994,
    8.41,
    0.08999999999999998,
    0.6100000000000001,
    0.8899999999999999,
    0.0
  ],
  "average_variance": 0.453,
  "num_responses": 30,
  "parameters": {
    "scale": 10,
    "num_trials": 10,
    "temperature": 0.9,
    "cutoff": 30
  }
}