{
  "judge_model": "gpt-4o-mini",
  "temperature": 0.7,
  "individual_variances": [
    0.0,
    0.0,
    0.0,
    0.09,
    0.0,
    0.0,
    0.0,
    0.0,
    0.0,
    0.0,
    0.15999999999999998,
    0.08999999999999998,
    0.09,
    0.0,
    0.0,
    0.0,
    0.0,
    0.0,
    0.16,
    0.0,
    0.08999999999999998,
    0.41,
    0.0,
    0.45,
    0.24000000000000005,
    0.0,
    0.0,
    0.0,
    0.21000000000000005,
    0.15999999999999998
  ],
  "average_variance": 0.07166666666666667,
  "num_responses": 30,
  "parameters": {
    "scale": 10,
    "num_trials": 10,
    "temperature": 0.7,
    "cutoff": 30
  }
}