{
  "judge_model": "gpt-4o",
  "temperature": 0.8,
  "individual_variances": [
    0.16000000000000003,
    0.08999999999999997,
    0.0,
    0.16,
    0.0,
    0.21000000000000002,
    0.09,
    0.08999999999999997,
    0.24000000000000005,
    0.0,
    0.43999999999999995,
    0.8,
    0.0,
    0.0,
    0.45,
    0.16000000000000003,
    0.0,
    0.08999999999999998,
    0.0,
    0.0,
    0.24,
    0.41,
    0.08999999999999998,
    1.8099999999999998,
    3.2099999999999995,
    6.45,
    0.0,
    0.5600000000000003,
    0.2899999999999999,
    0.25
  ],
  "average_variance": 0.543,
  "num_responses": 30,
  "parameters": {
    "scale": 10,
    "num_trials": 10,
    "temperature": 0.8,
    "cutoff": 30
  }
}