{
  "judge_model": "gpt-4o",
  "temperature": 0.4,
  "individual_variances": [
    0.0,
    0.0,
    0.0,
    0.1600000000000001,
    0.0,
    0.24000000000000005,
    0.0,
    0.0,
    0.15999999999999998,
    0.0,
    0.21000000000000002,
    0.08999999999999998,
    0.15999999999999998,
    0.0,
    0.0,
    0.24,
    0.0,
    0.24,
    0.21000000000000002,
    0.15999999999999998,
    0.0,
    0.09,
    0.0,
    5.69,
    1.9599999999999997,
    14.959999999999999,
    0.0,
    0.24000000000000005,
    0.09,
    0.16
  ],
  "average_variance": 0.8353333333333333,
  "num_responses": 30,
  "parameters": {
    "scale": 10,
    "num_trials": 10,
    "temperature": 0.4,
    "cutoff": 30
  }
}