{
  "judge_model": "gpt-3.5-turbo",
  "temperature": 0.5,
  "individual_variances": [
    0.0,
    0.0,
    0.25,
    0.0,
    0.0,
    0.21000000000000002,
    0.0,
    0.0,
    0.0,
    0.20999999999999996,
    0.0,
    0.15999999999999998,
    0.21000000000000002,
    0.0,
    0.09,
    0.0,
    0.0,
    0.16,
    0.08999999999999997,
    0.0,
    0.0,
    0.0,
    0.08999999999999997,
    0.0,
    0.29,
    5.45,
    0.0,
    0.41,
    0.16,
    0.0,
    0.08999999999999998,
    0.45,
    0.45,
    0.21000000000000002,
    0.2899999999999999,
    0.43999999999999995,
    0.29,
    0.24000000000000005,
    0.08999999999999998,
    0.09,
    0.0,
    0.25,
    0.0,
    0.0,
    0.08999999999999997,
    0.0,
    0.0,
    0.0,
    0.0,
    0.08999999999999998,
    0.2,
    0.16000000000000003,
    0.16000000000000003,
    0.21000000000000002,
    0.16,
    0.09,
    0.0,
    0.052500000000000005,
    0.16000000000000003,
    0.09,
    0.0,
    0.0,
    0.0,
    0.0,
    0.0,
    0.09,
    0.0,
    0.0,
    0.0,
    0.0,
    0.0,
    0.0,
    0.0,
    0.0,
    0.0,
    0.0,
    0.0,
    0.0,
    0.0,
    0.0
  ],
  "average_variance": 0.15278124999999998,
  "num_responses": 80,
  "parameters": {
    "scale": 10,
    "num_trials": 10,
    "temperature": 0.5,
    "cutoff": 80
  }
}