{
  "judge_model": "gpt-3.5-turbo",
  "temperature": 1.0,
  "individual_variances": [
    0.0,
    0.15999999999999998,
    0.20999999999999996,
    0.09,
    0.21000000000000002,
    0.24000000000000005,
    0.0,
    0.0,
    0.16000000000000003,
    0.6399999999999999,
    0.0,
    0.08999999999999997,
    0.25,
    0.0,
    0.21000000000000002,
    0.16,
    0.08999999999999998,
    0.21000000000000005,
    0.24,
    0.16,
    0.08999999999999998,
    0.21000000000000002,
    0.24,
    0.41,
    0.89,
    3.7600000000000002,
    0.08999999999999998,
    1.0,
    0.43999999999999995,
    0.0,
    0.16000000000000003,
    0.7600000000000002,
    0.9600000000000002,
    0.69,
    0.21000000000000002,
    1.6,
    0.85,
    0.43999999999999995,
    0.35999999999999993,
    0.08999999999999997,
    0.08999999999999998,
    0.25,
    0.08999999999999998,
    0.21000000000000005,
    0.25,
    0.0,
    0.0,
    0.08999999999999997,
    0.0,
    0.43999999999999995,
    0.6,
    0.48999999999999994,
    0.24,
    0.2,
    0.21000000000000002,
    0.21000000000000002,
    0.1600000000000001,
    0.06559999999999995,
    0.16,
    0.21000000000000002,
    0.0,
    0.0,
    0.0,
    0.0,
    0.08999999999999997,
    0.0,
    0.0,
    0.0,
    0.0,
    0.0,
    0.08999999999999997,
    0.0,
    0.0,
    0.0,
    0.0,
    0.09,
    0.0,
    0.0,
    0.0,
    0.09
  ],
  "average_variance": 0.258695,
  "num_responses": 80,
  "parameters": {
    "scale": 10,
    "num_trials": 10,
    "temperature": 1.0,
    "cutoff": 80
  }
}