{
  "judge_model": "gpt-4o",
  "temperature": 0.7,
  "individual_variances": [
    0.0,
    0.0,
    0.0,
    0.25,
    0.0,
    0.25,
    0.16000000000000006,
    0.20999999999999996,
    0.21000000000000002,
    0.24000000000000005,
    0.36,
    0.6,
    0.21000000000000002,
    0.0,
    0.24000000000000005,
    0.25,
    0.08999999999999998,
    0.25,
    0.08999999999999997,
    0.09,
    0.16,
    0.09,
    0.0,
    5.6899999999999995,
    2.8099999999999996,
    11.24,
    0.0,
    0.24000000000000005,
    0.29000000000000004,
    0.15999999999999998
  ],
  "average_variance": 0.8059999999999999,
  "num_responses": 30,
  "parameters": {
    "scale": 10,
    "num_trials": 10,
    "temperature": 0.7,
    "cutoff": 30
  }
}