{
  "judge_model": "gpt-4o",
  "temperature": 0.6,
  "individual_variances": [
    0.0,
    0.0,
    0.0,
    0.21000000000000005,
    0.0,
    0.21000000000000002,
    0.0,
    0.0,
    0.16000000000000003,
    0.0,
    0.24,
    0.24000000000000005,
    0.0,
    0.0,
    0.16000000000000003,
    0.21000000000000002,
    0.0,
    0.20999999999999996,
    0.08999999999999997,
    0.15999999999999998,
    0.09,
    0.25,
    0.0,
    4.959999999999999,
    1.89,
    5.76,
    0.0,
    0.21000000000000002,
    0.08999999999999997,
    0.24
  ],
  "average_variance": 0.5126666666666667,
  "num_responses": 30,
  "parameters": {
    "scale": 10,
    "num_trials": 10,
    "temperature": 0.6,
    "cutoff": 30
  }
}