{
  "judge_model": "gpt-4o",
  "temperature": 1.0,
  "individual_variances": [
    0.08999999999999997,
    0.08999999999999997,
    0.15999999999999998,
    0.24000000000000005,
    0.2,
    0.24,
    0.24000000000000005,
    0.08999999999999997,
    0.16000000000000003,
    0.21000000000000002,
    0.5599999999999999,
    1.0,
    0.21000000000000002,
    0.09,
    0.25,
    0.21000000000000002,
    0.0,
    0.16000000000000003,
    0.29,
    0.09,
    0.20999999999999996,
    0.2,
    0.16,
    6.65,
    4.05,
    2.44,
    0.0,
    0.41,
    0.41000000000000003,
    0.45,
    0.0,
    0.0,
    0.15999999999999998,
    0.08999999999999997,
    0.0,
    0.36,
    0.0,
    0.6399999999999999,
    0.0,
    0.0,
    0.0,
    0.21000000000000002,
    0.25,
    0.20999999999999996,
    0.24000000000000005,
    1.61,
    0.24,
    0.24,
    0.08999999999999998,
    0.08999999999999998,
    0.21000000000000002,
    0.0,
    0.0,
    0.0,
    0.41000000000000003,
    0.43999999999999995,
    0.45,
    0.2899999999999999,
    2.21,
    2.65,
    0.09,
    0.09,
    0.25,
    0.16000000000000003,
    0.21000000000000002,
    0.24000000000000005,
    0.0,
    0.0,
    0.08999999999999998,
    0.24,
    0.16,
    0.16,
    0.15999999999999998,
    0.08999999999999998,
    0.08999999999999998,
    0.0,
    0.2,
    0.0,
    0.09,
    0.21000000000000002
  ],
  "average_variance": 0.41475,
  "num_responses": 80,
  "parameters": {
    "scale": 10,
    "num_trials": 10,
    "temperature": 1.0,
    "cutoff": 80
  }
}