{
  "judge_model": "gpt-4o-mini",
  "temperature": 1.0,
  "individual_variances": [
    0.0,
    0.08999999999999998,
    0.09,
    0.0,
    0.0,
    0.2,
    0.15999999999999998,
    0.15999999999999998,
    0.0,
    0.2,
    0.0,
    0.09,
    0.15999999999999998,
    0.09,
    0.08999999999999997,
    0.0,
    0.25,
    0.0,
    0.4,
    0.0,
    1.0899999999999999,
    0.0,
    0.0,
    0.0,
    2.2399999999999998,
    0.16,
    1.65,
    0.0,
    0.0,
    0.0,
    0.08999999999999998,
    0.41,
    0.08999999999999998,
    0.8400000000000001,
    0.08999999999999997,
    1.9600000000000004,
    0.0,
    0.0,
    0.09,
    0.24,
    0.24,
    0.0,
    0.0,
    0.0,
    0.0,
    0.0,
    0.0
  ],
  "average_variance": 0.2376595744680851,
  "num_responses": 47,
  "parameters": {
    "scale": 10,
    "num_trials": 10,
    "temperature": 1.0,
    "cutoff": 80
  }
}