{
  "judge_model": "gpt-3.5-turbo",
  "temperature": 0.7,
  "individual_variances": [
    0.0,
    0.09,
    0.24000000000000005,
    0.08999999999999998,
    0.09,
    0.0,
    0.0,
    0.0,
    0.0,
    0.21000000000000005,
    0.0,
    0.0,
    0.35999999999999993,
    0.0,
    0.0,
    0.0,
    0.0,
    0.09,
    0.15999999999999998,
    0.09,
    0.0,
    0.0,
    0.21000000000000005,
    0.0,
    0.08999999999999998,
    6.21,
    0.08999999999999998,
    0.41,
    0.2899999999999999,
    0.0
  ],
  "average_variance": 0.29066666666666663,
  "num_responses": 30,
  "parameters": {
    "scale": 10,
    "num_trials": 10,
    "temperature": 0.7,
    "cutoff": 30
  }
}