{
  "judge_model": "gpt-3.5-turbo",
  "temperature": 0.3,
  "individual_variances": [
    0.0,
    0.0,
    0.1600000000000001,
    0.0,
    0.0,
    0.09,
    0.0,
    0.0,
    0.0,
    0.08999999999999997,
    0.0,
    0.0,
    0.08999999999999997,
    0.0,
    0.0,
    0.0,
    0.0,
    0.20999999999999996,
    0.09,
    0.0,
    0.08999999999999998,
    0.0,
    0.15999999999999998,
    0.0,
    0.0,
    1.44,
    0.0,
    0.08999999999999998,
    0.25,
    0.0,
    0.21000000000000002,
    0.24,
    0.6399999999999999,
    0.08999999999999997,
    0.0,
    1.3600000000000005,
    0.08999999999999998,
    0.25,
    0.0,
    0.0,
    0.0,
    0.25,
    0.0,
    0.0,
    0.09,
    0.0,
    0.0,
    0.0,
    0.0,
    0.21000000000000002,
    0.0,
    0.24,
    0.21000000000000002,
    0.08999999999999998,
    0.0,
    0.0,
    0.0,
    0.0,
    0.0,
    0.0,
    0.0,
    0.0,
    0.0,
    0.0,
    0.0,
    0.0,
    0.0,
    0.0,
    0.0,
    0.0,
    0.0,
    0.0,
    0.0,
    0.0,
    0.0,
    0.0,
    0.0,
    0.0,
    0.0,
    0.0
  ],
  "average_variance": 0.08412499999999999,
  "num_responses": 80,
  "parameters": {
    "scale": 10,
    "num_trials": 10,
    "temperature": 0.3,
    "cutoff": 80
  }
}