{
  "judge_model": "gpt-4o",
  "temperature": 0.1,
  "individual_variances": [
    0.0,
    0.0,
    0.0,
    0.0,
    0.0,
    0.0,
    0.0,
    0.0,
    0.0,
    0.0,
    0.09,
    0.0,
    0.0,
    0.0,
    0.21000000000000002,
    0.16000000000000003,
    0.0,
    0.16000000000000003,
    0.0,
    0.0,
    0.0,
    0.0,
    0.0,
    1.4400000000000002,
    0.15999999999999998,
    0.0,
    0.0,
    0.21000000000000002,
    0.0,
    0.0
  ],
  "average_variance": 0.08100000000000002,
  "num_responses": 30,
  "parameters": {
    "scale": 10,
    "num_trials": 10,
    "temperature": 0.1,
    "cutoff": 30
  }
}