{
  "judge_model": "gpt-3.5-turbo",
  "temperature": 0.6,
  "individual_variances": [
    0.0,
    0.0,
    0.24,
    0.0,
    0.0,
    0.16000000000000006,
    0.0,
    0.0,
    0.0,
    0.21000000000000002,
    0.0,
    0.0,
    0.08999999999999997,
    0.0,
    0.0,
    0.0,
    0.09,
    0.24,
    0.24,
    0.09,
    0.08999999999999998,
    0.0,
    0.44000000000000006,
    0.08999999999999998,
    0.0,
    1.29,
    0.0,
    0.16000000000000003,
    0.6399999999999999,
    0.0
  ],
  "average_variance": 0.13566666666666669,
  "num_responses": 30,
  "parameters": {
    "scale": 10,
    "num_trials": 10,
    "temperature": 0.6,
    "cutoff": 30
  }
}