{
  "judge_model": "gpt-4o-mini",
  "temperature": 0.8,
  "individual_variances": [
    0.0,
    0.0,
    0.0,
    0.24,
    0.0,
    0.0,
    0.08999999999999998,
    0.0,
    0.0,
    0.0,
    0.25,
    0.08999999999999998,
    0.08999999999999998,
    0.0,
    0.2899999999999999,
    0.0,
    0.0,
    0.0,
    0.0,
    0.0,
    0.21000000000000005,
    0.45,
    0.0,
    0.25,
    0.24000000000000005,
    0.21000000000000002,
    0.0,
    0.0,
    0.15999999999999998,
    0.16000000000000003
  ],
  "average_variance": 0.091,
  "num_responses": 30,
  "parameters": {
    "scale": 10,
    "num_trials": 10,
    "temperature": 0.8,
    "cutoff": 30
  }
}