{
  "judge_model": "gpt-4o-mini",
  "temperature": 0.9,
  "individual_variances": [
    0.0,
    0.0,
    0.0,
    0.20999999999999996,
    0.0,
    0.0,
    0.0,
    0.0,
    0.0,
    0.0,
    0.2899999999999999,
    0.36,
    0.0,
    0.0,
    0.36,
    0.0,
    0.0,
    0.0,
    0.16000000000000003,
    0.0,
    0.0,
    0.2,
    0.09,
    0.40999999999999986,
    0.25,
    0.15999999999999998,
    0.0,
    0.0,
    0.25,
    0.20999999999999996
  ],
  "average_variance": 0.09833333333333333,
  "num_responses": 30,
  "parameters": {
    "scale": 10,
    "num_trials": 10,
    "temperature": 0.9,
    "cutoff": 30
  }
}