{
  "judge_model": "gpt-4o",
  "temperature": 0.9,
  "individual_variances": [
    0.0,
    0.0,
    0.0,
    0.24,
    0.08999999999999997,
    0.09,
    0.16,
    0.0,
    0.24000000000000005,
    0.24,
    0.96,
    0.48999999999999994,
    1.0,
    0.16000000000000006,
    0.48999999999999994,
    0.08999999999999997,
    0.20999999999999996,
    0.16,
    0.24,
    0.45,
    0.21000000000000002,
    0.44000000000000006,
    0.0,
    10.96,
    5.610000000000001,
    11.09,
    0.0,
    0.41,
    0.1600000000000001,
    0.29
  ],
  "average_variance": 1.1493333333333333,
  "num_responses": 30,
  "parameters": {
    "scale": 10,
    "num_trials": 10,
    "temperature": 0.9,
    "cutoff": 30
  }
}