{
  "judge_model": "gpt-4o-mini",
  "temperature": 0.4,
  "individual_variances": [
    0.0,
    0.0,
    0.0,
    0.08999999999999997,
    0.0,
    0.0,
    0.0,
    0.0,
    0.0,
    0.0,
    0.0,
    0.0,
    0.09,
    0.0,
    0.0,
    0.0,
    0.0,
    0.0,
    0.0,
    0.0,
    0.0,
    0.24000000000000005,
    0.0,
    0.24000000000000005,
    0.21000000000000002,
    0.09,
    0.0,
    0.0,
    0.0,
    0.0
  ],
  "average_variance": 0.032,
  "num_responses": 30,
  "parameters": {
    "scale": 10,
    "num_trials": 10,
    "temperature": 0.4,
    "cutoff": 30
  }
}