{
  "experiment": "1c",
  "description": "Testing model size vs judgment variance with batch processing",
  "parameters": {
    "scale": 10,
    "num_trials": 100,
    "cutoff": 30
  },
  "results": {
    "0.3": {
      "gpt-3.5-turbo": {
        "individual_variances": [
          0.0,
          0.0,
          0.0,
          0.0,
          0.0,
          0.01959999999999998,
          0.0,
          0.0,
          0.0899999999999999,
          0.0,
          0.0,
          0.0,
          0.12040000000000024,
          0.0,
          0.06510000000000005,
          0.0,
          0.0,
          0.02910000000000001,
          0.0,
          0.009899999999999997,
          0.039599999999999975,
          0.05839999999999991,
          0.0,
          18.176399999999973,
          0.01959999999999999,
          0.42750000000000044,
          0.0,
          0.24750000000000028,
          0.13790000000000024,
          0.11310000000000002
        ],
        "average_variance": 0.6518033333333324,
        "num_responses": 30
      },
      "gpt-4o-mini": {
        "individual_variances": [
          0.0,
          0.0,
          0.0,
          0.0,
          0.0,
          0.0,
          0.0,
          0.0,
          0.24640000000000037,
          0.0,
          0.0,
          0.05639999999999997,
          0.0384,
          0.0,
          0.20159999999999983,
          0.25,
          0.0,
          0.01959999999999998,
          0.0,
          0.07360000000000012,
          0.0,
          0.45039999999999947,
          0.0,
          0.0,
          0.029900000000000072,
          0.15999999999999978,
          0.0,
          0.14759999999999956,
          0.0,
          0.0
        ],
        "average_variance": 0.05579666666666663,
        "num_responses": 30
      },
      "gpt-4o": {
        "individual_variances": [
          0.0,
          0.0,
          0.0,
          0.0,
          0.0,
          0.02910000000000001,
          0.0,
          0.24189999999999984,
          0.07360000000000012,
          0.02910000000000001,
          0.22440000000000038,
          0.3650999999999994,
          0.1875000000000004,
          0.0,
          0.20589999999999992,
          0.0,
          0.009899999999999997,
          0.0899999999999999,
          0.02910000000000006,
          0.25,
          0.0,
          0.11310000000000008,
          0.08999999999999987,
          5.417100000000004,
          0.5999999999999998,
          1.0059000000000016,
          0.0,
          0.0,
          0.12909999999999977,
          0.2099999999999997
        ],
        "average_variance": 0.3100266666666668,
        "num_responses": 30
      }
    },
    "0.5": {
      "gpt-3.5-turbo": {
        "individual_variances": [
          0.0,
          0.0,
          0.06510000000000005,
          0.03839999999999995,
          0.0,
          0.2356000000000003,
          0.0,
          0.0,
          0.07360000000000007,
          0.10560000000000017,
          0.0,
          0.0,
          0.1924000000000001,
          0.0,
          0.17710000000000048,
          0.009899999999999994,
          0.0,
          0.11309999999999999,
          0.0,
          0.029100000000000067,
          0.1335999999999995,
          0.029100000000000084,
          0.0475000000000001,
          19.970400000000033,
          0.08909999999999994,
          0.5795999999999993,
          0.0,
          0.3464000000000001,
          0.4044000000000005,
          0.24750000000000028
        ],
        "average_variance": 0.7629166666666676,
        "num_responses": 30
      },
      "gpt-4o-mini": {
        "individual_variances": [
          0.0,
          0.0,
          0.0,
          0.0,
          0.0,
          0.009899999999999997,
          0.0,
          0.009899999999999997,
          0.24640000000000037,
          0.0,
          0.0899999999999999,
          0.16750000000000034,
          0.11309999999999992,
          0.0,
          0.21159999999999993,
          0.24959999999999977,
          0.0,
          0.09790000000000008,
          0.02910000000000001,
          0.23310000000000014,
          0.0,
          0.5475,
          0.0,
          0.03839999999999986,
          0.23309999999999992,
          0.25040000000000007,
          0.0,
          0.24959999999999968,
          0.02,
          0.0
        ],
        "average_variance": 0.09323666666666665,
        "num_responses": 30
      },
      "gpt-4o": {
        "individual_variances": [
          0.0,
          0.029100000000000067,
          0.0,
          0.05640000000000006,
          0.0,
          0.09790000000000024,
          0.029100000000000032,
          0.2464000000000003,
          0.13440000000000016,
          0.10560000000000012,
          0.19790000000000008,
          0.6674999999999995,
          0.38509999999999933,
          0.0,
          0.2890999999999998,
          0.0,
          0.1056000000000002,
          0.08999999999999987,
          0.0819,
          0.26959999999999973,
          0.0,
          0.3875,
          0.22109999999999969,
          7.216400000000004,
          1.0895999999999995,
          2.379600000000002,
          0.009899999999999999,
          0.04749999999999996,
          0.23359999999999953,
          0.22440000000000038
        ],
        "average_variance": 0.4865066666666668,
        "num_responses": 30
      }
    },
    "1.0": {
      "gpt-3.5-turbo": {
        "individual_variances": [
          0.0,
          0.039599999999999975,
          0.15389999999999987,
          0.14759999999999968,
          0.08999999999999991,
          0.19710000000000055,
          0.019599999999999992,
          0.09790000000000015,
          0.2799999999999999,
          0.23160000000000036,
          0.009899999999999994,
          0.08,
          0.2244000000000004,
          0.0,
          0.32440000000000047,
          0.08189999999999985,
          0.0,
          0.16589999999999994,
          0.09640000000000035,
          0.1538999999999999,
          0.5330999999999999,
          0.46960000000000035,
          0.19710000000000047,
          18.165899999999976,
          0.4275000000000004,
          3.0691000000000006,
          0.11359999999999978,
          0.48840000000000133,
          0.6018999999999992,
          0.4099000000000002
        ],
        "average_variance": 0.8956733333333327,
        "num_responses": 30
      },
      "gpt-4o-mini": {
        "individual_variances": [
          0.0,
          0.0,
          0.009899999999999997,
          0.03839999999999992,
          0.0,
          0.056400000000000075,
          0.0,
          0.03839999999999995,
          0.24189999999999984,
          0.009899999999999997,
          0.3675999999999998,
          0.23440000000000033,
          0.20589999999999972,
          0.009899999999999997,
          0.5330999999999998,
          0.2499000000000004,
          0.0,
          0.12750000000000025,
          0.11309999999999995,
          0.2674999999999999,
          0.0,
          0.7984,
          0.03839999999999995,
          0.7970999999999973,
          0.4395999999999994,
          0.4244000000000005,
          0.0,
          0.30640000000000034,
          0.10989999999999991,
          0.05640000000000004
        ],
        "average_variance": 0.1824799999999999,
        "num_responses": 30
      },