{
  "experiment": "1c",
  "description": "Testing model size vs judgment variance with batch processing",
  "parameters": {
    "scale": 10,
    "num_trials": 10,
    "cutoff": 80
  },
  "results": {
    "0.3": {
      "gpt-3.5-turbo": {
        "individual_variances": [
          0.0,
          0.0,
          0.0,
          0.0,
          0.0,
          0.08999999999999998,
          0.0,
          0.0,
          0.0,
          0.0,
          0.0,
          0.0,
          0.0,
          0.0,
          0.0,
          0.0,
          0.0,
          0.08999999999999998,
          0.0,
          0.08999999999999997,
          0.0,
          0.6399999999999999,
          0.0,
          7.290000000000001,
          0.0,
          0.2899999999999999,
          0.0,
          0.24,
          0.20999999999999996,
          0.09,
          0.16000000000000003,
          0.15999999999999998,
          0.16,
          0.24,
          0.24000000000000005,
          1.2,
          0.0,
          0.0,
          0.0,
          0.0,
          0.0,
          0.16000000000000006,
          0.0,
          0.0,
          0.0,
          0.24,
          0.08999999999999997,
          0.08999999999999998,
          0.24,
          0.0,
          3.2,
          0.21000000000000005,
          0.1600000000000001,
          0.24,
          0.15999999999999998,
          0.24,
          0.21000000000000002,
          0.0,
          0.0,
          0.24,
          0.0,
          0.25,
          0.0,
          0.0,
          0.0,
          0.0,
          0.0,
          0.0,
          0.15999999999999998,
          0.0,
          0.0,
          0.0,
          0.0,
          0.0,
          0.0,
          0.0,
          0.0,
          0.0,
          0.0,
          0.0
        ],
        "average_variance": 0.21350000000000002,
        "num_responses": 80
      },
      "gpt-4o-mini": {
        "individual_variances": [
          0.0,
          0.0,
          0.0,
          0.0,
          0.0,
          0.0,
          0.0,
          0.08999999999999998,
          0.0,
          0.0,
          0.08999999999999997,
          0.0,
          0.0,
          0.24,
          0.0,
          0.0,
          0.0,
          0.0,
          0.48999999999999994,
          0.0,
          0.0,
          0.0,
          0.0,
          0.0,
          0.16000000000000003,
          0.0,
          0.0,
          0.0,
          0.0,
          0.0,
          0.0,
          0.0,
          0.25,
          0.21000000000000002,
          0.0,
          0.0,
          0.15999999999999998,
          0.8099999999999999,
          0.0,
          0.0,
          0.0,
          0.1600000000000001,
          0.0,
          0.0,
          0.0,
          0.0,
          0.0,
          0.0,
          0.08999999999999998,
          0.08999999999999997,
          0.15999999999999998,
          0.0,
          0.0,
          0.0,
          0.0,
          0.0,
          0.0,
          0.0,
          0.0,
          0.0,
          0.0,
          0.0,
          0.0,
          0.09,
          0.0,
          0.0,
          0.0,
          0.0
        ],
        "average_variance": 0.04544117647058823,
        "num_responses": 68
      },
      "gpt-4o": {
        "individual_variances": [
          0.0,
          0.0,
          0.0,
          0.0,
          0.0,
          0.08999999999999997,
          0.0,
          0.25,
          0.09,
          0.0,
          0.2,
          0.5599999999999999,
          0.0,
          0.0,
          0.24,
          0.0,
          0.0,
          0.1600000000000001,
          0.0,
          0.15999999999999998,
          0.0,
          0.08999999999999998,
          0.08999999999999997,
          2.0100000000000002,
          0.43999999999999995,
          0.0,
          0.0,
          0.0,
          0.09,
          0.25,
          0.08999999999999998,
          0.0,
          0.0,
          0.0,
          0.0,
          0.24,
          0.0,
          0.43999999999999995,
          0.0,
          0.0,
          0.0,
          0.24,
          0.09,
          0.21000000000000005,
          0.15999999999999998,
          0.25,
          0.0,
          0.21000000000000002,
          0.0,
          0.0,
          0.0,
          0.0,
          0.0,
          0.0,
          0.09,
          0.0,
          0.0,
          0.21000000000000002,
          0.16000000000000006,
          0.41000000000000003,
          0.0,
          0.0,
          0.0,
          0.15999999999999998,
          0.25,
          0.21000000000000002,
          0.0,
          0.0,
          0.0,
          0.0,
          0.0,
          0.0,
          0.0,
          0.0,
          0.0,
          0.0,
          0.0,
          0.0,
          0.09,
          0.0
        ],
        "average_variance": 0.10287500000000001,
        "num_responses": 80
      }
    },
    "0.5": {
      "gpt-3.5-turbo": {
        "individual_variances": [
          0.0,
          0.0,
          0.0,
          0.0,
          0.09,
          0.08999999999999998,
          0.0,
          0.0,
          0.09,
          0.08999999999999998,
          0.0,
          0.0,
          0.24,
          0.0,
          0.25,
          0.0,
          0.0,
          0.09,
          0.0,
          0.09,
          0.0,
          0.08999999999999997,
          0.08999999999999998,
          17.009999999999998,
          0.08999999999999998,
          1.4899999999999998,
          0.0,
          0.24,
          0.36,
          0.15999999999999998,
          0.16000000000000003,
          0.8400000000000001,
          0.0,
          0.16,
          0.41000000000000003,
          0.21000000000000002,
          0.25,
          0.0,
          0.0,
          0.0,
          0.0,
          0.24,
          0.0,
          0.0,
          0.0,
          0.0,
          0.16000000000000003,
          0.0,
          0.15999999999999998,
          0.0,
          2.69,
          0.41000000000000003,
          0.08999999999999997,
          0.56,
          0.15999999999999998,
          0.25,
          0.24000000000000005,
          0.05,
          0.09,
          0.24,
          0.0,
          0.24,
          0.0,
          0.0,
          0.0,
          0.24000000000000005,
          0.0,
          0.0,
          0.0,
          0.0,
          0.0,
          0.0,
          0.0,
          0.0,
          0.0,
          0.0,
          0.0,
          0.0,
          0.0,
          0.0
        ],
        "average_variance": 0.35512499999999986,
        "num_responses": 80
      },
      "gpt-4o-mini": {
        "individual_variances": [
          0.0,
          0.0,
          0.0,
          0.08999999999999998,
          0.0,
          0.25,
          0.0,
          0.0,
          0.29,
          0.0,
          0.0,
          0.21000000000000002,
          0.24,
          0.09,
          0.0,
          0.0,
          0.5599999999999999,
          0.0,
          0.0,
          0.09,
          0.0,
          0.0,
          0.16000000000000006,
          0.0,
          0.0,
          0.25,
          0.0,
          0.08999999999999998,
          0.15999999999999998,
          0.21000000000000002,
          0.09,
          0.08999999999999998,
          0.0,
          0.0,
          0.09,
          0.0,
          0.0,
          0.36,
          0.0,
          1.64,
          0.0,
          0.08999999999999997,
          0.0,
          0.25,
          0.0,
          0.0,
          0.0,
          0.0,
          0.09,
          0.16000000000000003,
          0.0,
          0.24000000000000005,
          0.44000000000000006,
          0.0,
          0.0,
          0.0,
          0.0,
          0.0,
          0.0,
          0.0,
          0.0,
          0.0,
          0.08999999999999998,
          0.0,
          0.0,
          0.0,
          0.0
        ],
        "average_variance": 0.09432835820895523,
        "num_responses": 67
      },