{
  "judge_model": "gpt-4o",
  "temperature": 0.3,
  "individual_variances": [
    0.0,
    0.0,
    0.0,
    0.0,
    0.0,
    0.08999999999999997,
    0.0,
    0.25,
    0.09,
    0.0,
    0.2,
    0.5599999999999999,
    0.0,
    0.0,
    0.24,
    0.0,
    0.0,
    0.1600000000000001,
    0.0,
    0.15999999999999998,
    0.0,
    0.08999999999999998,
    0.08999999999999997,
    2.0100000000000002,
    0.43999999999999995,
    0.0,
    0.0,
    0.0,
    0.09,
    0.25,
    0.08999999999999998,
    0.0,
    0.0,
    0.0,
    0.0,
    0.24,
    0.0,
    0.43999999999999995,
    0.0,
    0.0,
    0.0,
    0.24,
    0.09,
    0.21000000000000005,
    0.15999999999999998,
    0.25,
    0.0,
    0.21000000000000002,
    0.0,
    0.0,
    0.0,
    0.0,
    0.0,
    0.0,
    0.09,
    0.0,
    0.0,
    0.21000000000000002,
    0.16000000000000006,
    0.41000000000000003,
    0.0,
    0.0,
    0.0,
    0.15999999999999998,
    0.25,
    0.21000000000000002,
    0.0,
    0.0,
    0.0,
    0.0,
    0.0,
    0.0,
    0.0,
    0.0,
    0.0,
    0.0,
    0.0,
    0.0,
    0.09,
    0.0
  ],
  "average_variance": 0.10287500000000001,
  "num_responses": 80,
  "parameters": {
    "scale": 10,
    "num_trials": 10,
    "temperature": 0.3,
    "cutoff": 80
  }
}