{
  "judge_model": "gpt-4o",
  "temperature": 0.3,
  "individual_variances": [
    0.0,
    0.0,
    0.0,
    0.0,
    0.0,
    0.02910000000000001,
    0.0,
    0.24189999999999984,
    0.07360000000000012,
    0.02910000000000001,
    0.22440000000000038,
    0.3650999999999994,
    0.1875000000000004,
    0.0,
    0.20589999999999992,
    0.0,
    0.009899999999999997,
    0.0899999999999999,
    0.02910000000000006,
    0.25,
    0.0,
    0.11310000000000008,
    0.08999999999999987,
    5.417100000000004,
    0.5999999999999998,
    1.0059000000000016,
    0.0,
    0.0,
    0.12909999999999977,
    0.2099999999999997
  ],
  "average_variance": 0.3100266666666668,
  "num_responses": 30,
  "parameters": {
    "scale": 10,
    "num_trials": 100,
    "temperature": 0.3,
    "cutoff": 30
  }
}