{
  "judge_model": "gpt-4o",
  "temperature": 0.5,
  "individual_variances": [
    0.0,
    0.0,
    0.0,
    0.0,
    0.0,
    0.0,
    0.0,
    0.16,
    0.1600000000000001,
    0.08999999999999998,
    0.21000000000000002,
    0.8899999999999999,
    0.24,
    0.0,
    0.45,
    0.0,
    0.09,
    0.16,
    0.0,
    0.25,
    0.0,
    0.29,
    0.16000000000000003,
    5.64,
    0.4899999999999999,
    0.0,
    0.0,
    0.0,
    0.36,
    0.20999999999999996,
    0.0,
    0.0,
    0.09,
    0.09,
    0.0,
    1.01,
    0.0,
    0.20999999999999996,
    0.0,
    0.0,
    0.0,
    0.20999999999999996,
    0.08999999999999998,
    0.08999999999999997,
    0.2899999999999999,
    0.76,
    0.0,
    0.2899999999999999,
    0.0,
    0.21000000000000002,
    0.15999999999999998,
    0.0,
    0.0,
    0.08999999999999998,
    0.36,
    0.0,
    0.0,
    0.21000000000000002,
    0.85,
    0.25,
    0.0,
    0.08999999999999998,
    0.15999999999999998,
    0.16000000000000003,
    0.24000000000000005,
    0.20999999999999996,
    0.0,
    0.0,
    0.08999999999999998,
    0.0,
    0.0,
    0.0,
    0.21000000000000002,
    0.0,
    0.0,
    0.0,
    0.0,
    0.0,
    0.08999999999999997,
    0.08999999999999998
  ],
  "average_variance": 0.20562499999999995,
  "num_responses": 80,
  "parameters": {
    "scale": 10,
    "num_trials": 10,
    "temperature": 0.5,
    "cutoff": 80
  }
}