{
  "judge_model": "gpt-4o",
  "temperature": 1.0,
  "individual_variances": [
    0.03959999999999999,
    0.10560000000000025,
    0.029100000000000015,
    0.1739000000000001,
    0.049099999999999984,
    0.2210999999999996,
    0.10999999999999988,
    0.23790000000000028,
    0.2579000000000003,
    0.2275,
    0.46000000000000035,
    1.1864000000000001,
    0.8291000000000005,
    0.056400000000000186,
    0.5044000000000006,
    0.047499999999999994,
    0.15999999999999967,
    0.20159999999999997,
    0.2730999999999997,
    0.48000000000000037,
    0.07640000000000004,
    0.7776000000000013,
    0.23389999999999975,
    8.800399999999998,
    2.0939000000000005,
    5.51,
    0.03839999999999995,
    0.16110000000000013,
    0.7274999999999995,
    0.3484000000000003
  ],
  "average_variance": 0.8139266666666668,
  "num_responses": 30,
  "parameters": {
    "scale": 10,
    "num_trials": 100,
    "temperature": 1.0,
    "cutoff": 30
  }
}