{
  "judge_model": "gpt-3.5-turbo",
  "temperature": 0.3,
  "individual_variances": [
    0.0,
    0.0,
    0.0,
    0.0,
    0.0,
    0.01959999999999998,
    0.0,
    0.0,
    0.0899999999999999,
    0.0,
    0.0,
    0.0,
    0.12040000000000024,
    0.0,
    0.06510000000000005,
    0.0,
    0.0,
    0.02910000000000001,
    0.0,
    0.009899999999999997,
    0.039599999999999975,
    0.05839999999999991,
    0.0,
    18.176399999999973,
    0.01959999999999999,
    0.42750000000000044,
    0.0,
    0.24750000000000028,
    0.13790000000000024,
    0.11310000000000002
  ],
  "average_variance": 0.6518033333333324,
  "num_responses": 30,
  "parameters": {
    "scale": 10,
    "num_trials": 100,
    "temperature": 0.3,
    "cutoff": 30
  }
}