{
  "judge_model": "gpt-3.5-turbo",
  "temperature": 0.5,
  "individual_variances": [
    0.0,
    0.0,
    0.0,
    0.0,
    0.09,
    0.08999999999999998,
    0.0,
    0.0,
    0.09,
    0.08999999999999998,
    0.0,
    0.0,
    0.24,
    0.0,
    0.25,
    0.0,
    0.0,
    0.09,
    0.0,
    0.09,
    0.0,
    0.08999999999999997,
    0.08999999999999998,
    17.009999999999998,
    0.08999999999999998,
    1.4899999999999998,
    0.0,
    0.24,
    0.36,
    0.15999999999999998,
    0.16000000000000003,
    0.8400000000000001,
    0.0,
    0.16,
    0.41000000000000003,
    0.21000000000000002,
    0.25,
    0.0,
    0.0,
    0.0,
    0.0,
    0.24,
    0.0,
    0.0,
    0.0,
    0.0,
    0.16000000000000003,
    0.0,
    0.15999999999999998,
    0.0,
    2.69,
    0.41000000000000003,
    0.08999999999999997,
    0.56,
    0.15999999999999998,
    0.25,
    0.24000000000000005,
    0.05,
    0.09,
    0.24,
    0.0,
    0.24,
    0.0,
    0.0,
    0.0,
    0.24000000000000005,
    0.0,
    0.0,
    0.0,
    0.0,
    0.0,
    0.0,
    0.0,
    0.0,
    0.0,
    0.0,
    0.0,
    0.0,
    0.0,
    0.0
  ],
  "average_variance": 0.35512499999999986,
  "num_responses": 80,
  "parameters": {
    "scale": 10,
    "num_trials": 10,
    "temperature": 0.5,
    "cutoff": 80
  }
}