{
  "judge_model": "gpt-4o-mini",
  "temperature": 1.0,
  "individual_variances": [
    0.0,
    0.0,
    0.0,
    0.0,
    0.0,
    0.0,
    0.0,
    0.0,
    0.0,
    0.21000000000000002,
    0.21000000000000002,
    0.15999999999999998,
    0.08999999999999998,
    0.61,
    0.25,
    0.15999999999999998,
    0.24,
    0.4900000000000001,
    0.08999999999999998,
    0.0,
    0.48999999999999994,
    0.16000000000000003,
    0.0,
    0.24000000000000005,
    0.35999999999999993,
    0.08999999999999997,
    0.0,
    0.0,
    0.16,
    0.25,
    0.2,
    0.0,
    0.0,
    0.0,
    1.6900000000000006,
    0.08999999999999997,
    1.8399999999999999,
    0.21000000000000002,
    0.15999999999999998,
    0.0,
    0.08999999999999998,
    0.21000000000000002,
    0.0,
    0.0,
    0.0,
    0.25,
    1.5599999999999994,
    0.0,
    0.15999999999999998,
    0.24000000000000005,
    1.25,
    0.0,
    0.0,
    0.16000000000000006,
    0.0,
    0.0,
    0.0,
    0.0,
    0.0,
    0.16000000000000003,
    0.16,
    0.0,
    0.15999999999999998,
    0.24,
    0.0,
    0.0,
    0.0,
    0.0,
    0.0,
    0.15999999999999998,
    0.0
  ],
  "average_variance": 0.18661971830985918,
  "num_responses": 71,
  "parameters": {
    "scale": 10,
    "num_trials": 10,
    "temperature": 1.0,
    "cutoff": 80
  }
}