{
  "judge_model": "gpt-4o",
  "temperature": 0.5,
  "individual_variances": [
    0.0,
    0.029100000000000067,
    0.0,
    0.05640000000000006,
    0.0,
    0.09790000000000024,
    0.029100000000000032,
    0.2464000000000003,
    0.13440000000000016,
    0.10560000000000012,
    0.19790000000000008,
    0.6674999999999995,
    0.38509999999999933,
    0.0,
    0.2890999999999998,
    0.0,
    0.1056000000000002,
    0.08999999999999987,
    0.0819,
    0.26959999999999973,
    0.0,
    0.3875,
    0.22109999999999969,
    7.216400000000004,
    1.0895999999999995,
    2.379600000000002,
    0.009899999999999999,
    0.04749999999999996,
    0.23359999999999953,
    0.22440000000000038
  ],
  "average_variance": 0.4865066666666668,
  "num_responses": 30,
  "parameters": {
    "scale": 10,
    "num_trials": 100,
    "temperature": 0.5,
    "cutoff": 30
  }
}