{
  "judge_model": "gpt-4o",
  "temperature": 1.0,
  "individual_variances": [
    0.0,
    0.08999999999999998,
    0.09,
    0.24,
    0.0,
    0.09,
    0.15999999999999998,
    0.15999999999999998,
    0.24,
    0.21000000000000002,
    0.69,
    1.2399999999999998,
    0.6399999999999999,
    0.0,
    0.25,
    0.09,
    0.21000000000000002,
    0.21000000000000002,
    0.2899999999999999,
    0.5599999999999999,
    0.0,
    0.8099999999999999,
    0.15999999999999998,
    5.639999999999999,
    2.6900000000000004,
    7.609999999999999,
    0.0,
    0.0,
    0.43999999999999995,
    0.25,
    0.45,
    0.0,
    0.21000000000000002,
    0.0,
    0.0,
    1.5600000000000005,
    0.1600000000000001,
    0.36,
    0.0,
    0.0,
    0.08999999999999998,
    0.24,
    0.21000000000000002,
    0.41000000000000014,
    1.2399999999999998,
    0.76,
    0.16000000000000006,
    0.48999999999999994,
    0.0,
    0.6100000000000001,
    0.25,
    0.08999999999999998,
    0.08999999999999998,
    0.0,
    0.43999999999999995,
    0.41,
    0.25,
    0.7600000000000002,
    0.35999999999999993,
    2.0100000000000002,
    0.0,
    0.0,
    0.21000000000000005,
    0.21000000000000002,
    0.45,
    0.25,
    0.0,
    0.0,
    0.21000000000000002,
    0.0,
    0.0,
    0.08999999999999997,
    0.16000000000000003,
    0.21000000000000002,
    0.0,
    0.08999999999999998,
    0.08999999999999997,
    0.0,
    0.25,
    0.16000000000000003
  ],
  "average_variance": 0.46312500000000006,
  "num_responses": 80,
  "parameters": {
    "scale": 10,
    "num_trials": 10,
    "temperature": 1.0,
    "cutoff": 80
  }
}