{
  "judge_model": "gpt-3.5-turbo",
  "temperature": 0.5,
  "individual_variances": [
    0.0,
    0.0,
    0.06510000000000005,
    0.03839999999999995,
    0.0,
    0.2356000000000003,
    0.0,
    0.0,
    0.07360000000000007,
    0.10560000000000017,
    0.0,
    0.0,
    0.1924000000000001,
    0.0,
    0.17710000000000048,
    0.009899999999999994,
    0.0,
    0.11309999999999999,
    0.0,
    0.029100000000000067,
    0.1335999999999995,
    0.029100000000000084,
    0.0475000000000001,
    19.970400000000033,
    0.08909999999999994,
    0.5795999999999993,
    0.0,
    0.3464000000000001,
    0.4044000000000005,
    0.24750000000000028
  ],
  "average_variance": 0.7629166666666676,
  "num_responses": 30,
  "parameters": {
    "scale": 10,
    "num_trials": 100,
    "temperature": 0.5,
    "cutoff": 30
  }
}