{
  "judge_model": "gpt-4o-mini",
  "temperature": 0.5,
  "individual_variances": [
    0.0,
    0.0,
    0.0,
    0.0,
    0.0,
    0.009899999999999997,
    0.0,
    0.009899999999999997,
    0.24640000000000037,
    0.0,
    0.0899999999999999,
    0.16750000000000034,
    0.11309999999999992,
    0.0,
    0.21159999999999993,
    0.24959999999999977,
    0.0,
    0.09790000000000008,
    0.02910000000000001,
    0.23310000000000014,
    0.0,
    0.5475,
    0.0,
    0.03839999999999986,
    0.23309999999999992,
    0.25040000000000007,
    0.0,
    0.24959999999999968,
    0.02,
    0.0
  ],
  "average_variance": 0.09323666666666665,
  "num_responses": 30,
  "parameters": {
    "scale": 10,
    "num_trials": 100,
    "temperature": 0.5,
    "cutoff": 30
  }
}