{
  "judge_model": "gpt-4o-mini",
  "temperature": 1.0,
  "individual_variances": [
    0.0,
    0.0,
    0.009899999999999997,
    0.03839999999999992,
    0.0,
    0.056400000000000075,
    0.0,
    0.03839999999999995,
    0.24189999999999984,
    0.009899999999999997,
    0.3675999999999998,
    0.23440000000000033,
    0.20589999999999972,
    0.009899999999999997,
    0.5330999999999998,
    0.2499000000000004,
    0.0,
    0.12750000000000025,
    0.11309999999999995,
    0.2674999999999999,
    0.0,
    0.7984,
    0.03839999999999995,
    0.7970999999999973,
    0.4395999999999994,
    0.4244000000000005,
    0.0,
    0.30640000000000034,
    0.10989999999999991,
    0.05640000000000004
  ],
  "average_variance": 0.1824799999999999,
  "num_responses": 30,
  "parameters": {
    "scale": 10,
    "num_trials": 100,
    "temperature": 1.0,
    "cutoff": 30
  }
}