{
  "judge_model": "gpt-4o-mini",
  "temperature": 0.3,
  "individual_variances": [
    0.0,
    0.0,
    0.0,
    0.0,
    0.0,
    0.0,
    0.0,
    0.0,
    0.24640000000000037,
    0.0,
    0.0,
    0.05639999999999997,
    0.0384,
    0.0,
    0.20159999999999983,
    0.25,
    0.0,
    0.01959999999999998,
    0.0,
    0.07360000000000012,
    0.0,
    0.45039999999999947,
    0.0,
    0.0,
    0.029900000000000072,
    0.15999999999999978,
    0.0,
    0.14759999999999956,
    0.0,
    0.0
  ],
  "average_variance": 0.05579666666666663,
  "num_responses": 30,
  "parameters": {
    "scale": 10,
    "num_trials": 100,
    "temperature": 0.3,
    "cutoff": 30
  }
}