{
  "judge_model": "gpt-3.5-turbo",
  "temperature": 1.0,
  "individual_variances": [
    0.0,
    0.039599999999999975,
    0.15389999999999987,
    0.14759999999999968,
    0.08999999999999991,
    0.19710000000000055,
    0.019599999999999992,
    0.09790000000000015,
    0.2799999999999999,
    0.23160000000000036,
    0.009899999999999994,
    0.08,
    0.2244000000000004,
    0.0,
    0.32440000000000047,
    0.08189999999999985,
    0.0,
    0.16589999999999994,
    0.09640000000000035,
    0.1538999999999999,
    0.5330999999999999,
    0.46960000000000035,
    0.19710000000000047,
    18.165899999999976,
    0.4275000000000004,
    3.0691000000000006,
    0.11359999999999978,
    0.48840000000000133,
    0.6018999999999992,
    0.4099000000000002
  ],
  "average_variance": 0.8956733333333327,
  "num_responses": 30,
  "parameters": {
    "scale": 10,
    "num_trials": 100,
    "temperature": 1.0,
    "cutoff": 30
  }
}