{
  "judge_model": "gpt-4o",
  "temperature": 0.5,
  "individual_variances": [
    0.0,
    0.0,
    0.2,
    0.0,
    0.1600000000000001,
    0.0,
    0.08999999999999997,
    0.21000000000000002,
    0.09,
    0.09
  ],
  "average_variance": 0.084,
  "num_responses": 10,
  "parameters": {
    "scale": 10,
    "num_trials": 10,
    "temperature": 0.5
  }
}