{
  "judge_model": "gpt-4o",
  "temperature": 0.4,
  "individual_variances": [
    0.0,
    0.0,
    0.09,
    0.16000000000000006,
    0.0,
    0.0,
    0.0,
    0.24000000000000005,
    0.09,
    0.0
  ],
  "average_variance": 0.05800000000000001,
  "num_responses": 10,
  "parameters": {
    "scale": 10,
    "num_trials": 10,
    "temperature": 0.4
  }
}