{
  "judge_model": "gpt-3.5-turbo",
  "temperature": 0.5,
  "individual_variances": [
    0.0,
    0.25,
    0.0,
    0.1600000000000001,
    0.0,
    0.0,
    0.0,
    0.0,
    0.24,
    0.15999999999999998
  ],
  "average_variance": 0.081,
  "num_responses": 10,
  "parameters": {
    "scale": 10,
    "num_trials": 10,
    "temperature": 0.5
  }
}