{
  "judge_model": "gpt-4o-mini",
  "temperature": 0.6,
  "individual_variances": [
    0.0,
    0.0,
    0.15999999999999998,
    0.0,
    0.0,
    0.0,
    0.0,
    0.21000000000000002,
    0.08999999999999998,
    0.24000000000000005
  ],
  "average_variance": 0.06999999999999999,
  "num_responses": 10,
  "parameters": {
    "scale": 10,
    "num_trials": 10,
    "temperature": 0.6
  }
}