{
  "judge_model": "gpt-4o",
  "temperature": 0.2,
  "individual_variances": [
    0.0,
    0.0,
    0.0,
    0.0,
    0.0,
    0.0,
    0.0,
    0.24000000000000005,
    0.0,
    0.0
  ],
  "average_variance": 0.024000000000000004,
  "num_responses": 10,
  "parameters": {
    "scale": 10,
    "num_trials": 10,
    "temperature": 0.2
  }
}