{
  "judge_model": "gpt-3.5-turbo",
  "temperature": 0.8,
  "individual_variances": [
    0.0,
    0.20999999999999996,
    0.08999999999999998,
    0.24,
    0.0,
    0.0,
    0.0,
    0.09,
    0.25,
    0.36
  ],
  "average_variance": 0.12399999999999997,
  "num_responses": 10,
  "parameters": {
    "scale": 10,
    "num_trials": 10,
    "temperature": 0.8
  }
}