{
  "judge_model": "gpt-3.5-turbo",
  "temperature": 0.7,
  "individual_variances": [
    0.08999999999999998,
    0.21000000000000002,
    0.0,
    0.25,
    0.0,
    0.08999999999999997,
    0.0,
    0.16,
    0.24,
    0.36
  ],
  "average_variance": 0.13999999999999999,
  "num_responses": 10,
  "parameters": {
    "scale": 10,
    "num_trials": 10,
    "temperature": 0.7
  }
}