{
  "judge_model": "gpt-4o",
  "temperature": 0.6,
  "individual_variances": [
    0.24000000000000005,
    0.0,
    1.0399999999999998,
    0.08999999999999998,
    0.16000000000000003,
    0.0,
    0.15999999999999998,
    0.25,
    0.15999999999999998,
    0.2
  ],
  "average_variance": 0.22999999999999998,
  "num_responses": 10,
  "parameters": {
    "scale": 10,
    "num_trials": 10,
    "temperature": 0.6
  }
}