{
  "judge_model": "gpt-4o",
  "temperature": 0.9,
  "individual_variances": [
    0.20999999999999996,
    0.0,
    0.2899999999999999,
    0.24000000000000005,
    0.21000000000000002,
    0.0,
    0.08999999999999998,
    0.45,
    0.0,
    0.2
  ],
  "average_variance": 0.16899999999999998,
  "num_responses": 10,
  "parameters": {
    "scale": 10,
    "num_trials": 10,
    "temperature": 0.9
  }
}