{
  "judge_model": "gpt-4o",
  "temperature": 0.8,
  "individual_variances": [
    0.0,
    0.08999999999999998,
    0.36,
    0.15999999999999998,
    0.15999999999999998,
    0.0,
    0.08999999999999998,
    0.25,
    0.24000000000000005,
    0.8899999999999999
  ],
  "average_variance": 0.22399999999999998,
  "num_responses": 10,
  "parameters": {
    "scale": 10,
    "num_trials": 10,
    "temperature": 0.8
  }
}