{
  "judge_model": "gpt-4o",
  "temperature": 0.7,
  "individual_variances": [
    0.21000000000000002,
    0.09,
    0.29,
    0.24,
    0.08999999999999998,
    0.0,
    0.09,
    0.24000000000000005,
    0.08999999999999997,
    0.2899999999999999
  ],
  "average_variance": 0.16299999999999998,
  "num_responses": 10,
  "parameters": {
    "scale": 10,
    "num_trials": 10,
    "temperature": 0.7
  }
}