{
  "judge_model": "gpt-4o",
  "temperature": 1.0,
  "individual_variances": [
    0.21000000000000002,
    0.0,
    0.4,
    0.09,
    0.15999999999999998,
    0.16,
    0.0,
    0.24,
    0.24,
    0.2
  ],
  "average_variance": 0.16999999999999998,
  "num_responses": 10,
  "parameters": {
    "scale": 10,
    "num_trials": 10,
    "temperature": 1.0
  }
}