{
  "judge_model": "gpt-4o-mini",
  "temperature": 0.9,
  "individual_variances": [
    0.0,
    0.0,
    0.0,
    0.0,
    0.0,
    0.16000000000000003,
    0.0,
    0.0,
    0.24,
    0.0,
    0.2899999999999999,
    0.61,
    0.08999999999999998,
    0.0,
    0.5599999999999999,
    0.09,
    0.0,
    0.08999999999999998,
    0.15999999999999998,
    0.15999999999999998,
    0.0,
    0.25,
    0.0,
    0.0,
    0.2,
    0.25,
    0.0,
    0.0,
    0.15999999999999998,
    0.0,
    0.89,
    0.0,
    0.20999999999999996,
    0.15999999999999998,
    0.21000000000000002,
    0.25,
    0.16,
    0.21000000000000002,
    0.0,
    0.2,
    0.16,
    0.0,
    0.0,
    2.0100000000000002,
    0.08999999999999997,
    0.36,
    0.09,
    0.21000000000000002,
    0.0,
    0.20999999999999996,
    0.4,
    0.0,
    0.0,
    0.0,
    0.0,
    0.44000000000000006,
    0.0,
    0.08999999999999997,
    0.16,
    1.4,
    0.0,
    0.0,
    0.21000000000000002,
    0.0,
    0.0,
    0.0,
    0.0,
    0.0,
    0.0,
    0.21000000000000002,
    0.08999999999999997,
    0.0,
    0.24,
    0.0,
    0.0,
    0.0,
    0.0,
    0.0,
    0.15999999999999998,
    0.0
  ],
  "average_variance": 0.15162500000000004,
  "num_responses": 80,
  "parameters": {
    "scale": 10,
    "num_trials": 10,
    "temperature": 0.9,
    "cutoff": 80
  }
}