{
  "judge_model": "gpt-4o-mini",
  "temperature": 1.0,
  "individual_variances": [
    0.0,
    0.0,
    0.0,
    0.0,
    0.0,
    0.09,
    0.0,
    0.08999999999999998,
    0.25,
    0.0,
    0.25,
    0.41,
    0.09,
    0.0,
    0.21000000000000002,
    0.24,
    0.0,
    0.1600000000000001,
    0.21000000000000002,
    0.25,
    0.0,
    0.41,
    0.1600000000000001,
    0.21000000000000002,
    0.5599999999999999,
    0.4400000000000001,
    0.0,
    0.29000000000000004,
    0.08999999999999998,
    0.0,
    0.41,
    0.0,
    0.21000000000000005,
    0.0,
    0.24,
    0.48999999999999994,
    0.16,
    0.21000000000000002,
    0.0,
    0.15999999999999998,
    0.16000000000000003,
    0.0,
    0.0,
    1.25,
    0.0,
    1.1600000000000004,
    0.24,
    0.24,
    0.09,
    0.21000000000000002,
    0.25,
    0.0,
    0.0,
    0.0,
    0.0,
    0.96,
    0.0,
    0.48999999999999994,
    0.24,
    0.76,
    0.0,
    0.0,
    0.24,
    0.0,
    0.0,
    0.08999999999999998,
    0.0,
    0.0,
    0.09,
    0.16,
    0.0,
    0.0,
    0.08999999999999997,
    0.0,
    0.0,
    0.08999999999999997,
    0.0,
    0.0,
    0.25,
    0.0
  ],
  "average_variance": 0.16687500000000002,
  "num_responses": 80,
  "parameters": {
    "scale": 10,
    "num_trials": 10,
    "temperature": 1.0,
    "cutoff": 80
  }
}