{
  "judge_model": "gpt-4o-mini",
  "temperature": 0.8,
  "individual_variances": [
    0.0,
    0.0,
    0.0,
    0.0,
    0.0,
    0.08999999999999998,
    0.0,
    0.16000000000000003,
    0.15999999999999998,
    0.0,
    0.24000000000000005,
    0.09,
    0.21000000000000002,
    0.0,
    0.44000000000000006,
    0.20999999999999996,
    0.0,
    0.15999999999999998,
    0.16,
    0.08999999999999998,
    0.0,
    0.6,
    0.0,
    0.0,
    0.4,
    0.36000000000000004,
    0.0,
    0.15999999999999998,
    0.16000000000000003,
    0.0,
    2.05,
    0.0,
    0.25,
    0.08999999999999997,
    0.21000000000000002,
    0.15999999999999998,
    0.08999999999999998,
    0.25,
    0.0,
    0.25,
    0.15999999999999998,
    0.0,
    0.08999999999999998,
    2.2099999999999995,
    0.0,
    0.44000000000000006,
    0.25,
    0.21000000000000002,
    0.0,
    0.20999999999999996,
    0.21000000000000002,
    0.0,
    0.0,
    0.0,
    0.0,
    0.44000000000000006,
    0.0,
    0.15999999999999998,
    0.24,
    1.01,
    0.0,
    0.0,
    0.0,
    0.0,
    0.0,
    0.0,
    0.08999999999999997,
    0.0,
    0.0,
    0.08999999999999997,
    0.0,
    0.0,
    0.16000000000000003,
    0.0,
    0.0,
    0.0,
    0.15999999999999998,
    0.0,
    0.16000000000000003,
    0.0
  ],
  "average_variance": 0.166625,
  "num_responses": 80,
  "parameters": {
    "scale": 10,
    "num_trials": 10,
    "temperature": 0.8,
    "cutoff": 80
  }
}