{
  "judge_model": "gpt-3.5-turbo",
  "temperature": 0.9,
  "individual_variances": [
    0.0,
    0.0,
    0.15999999999999998,
    0.15999999999999998,
    0.25,
    0.0,
    0.0,
    0.08999999999999998,
    0.21000000000000002,
    0.20999999999999996,
    0.0,
    0.08999999999999997,
    0.21000000000000005,
    0.0,
    0.41,
    0.0,
    0.0,
    0.24,
    0.0,
    0.44000000000000006,
    0.35999999999999993,
    0.45,
    0.0,
    7.089999999999998,
    0.36,
    0.8400000000000001,
    0.0,
    0.29,
    1.05,
    0.16,
    0.45,
    0.65,
    0.43999999999999995,
    0.25,
    0.48999999999999994,
    0.8899999999999999,
    0.0,
    0.08999999999999998,
    0.08999999999999998,
    0.0,
    0.0,
    0.15999999999999998,
    0.0,
    0.20999999999999996,
    0.09,
    0.25,
    0.21000000000000002,
    0.08999999999999998,
    0.20999999999999996,
    0.15999999999999998,
    2.85,
    0.6100000000000002,
    0.21000000000000002,
    1.0899999999999999,
    0.16000000000000003,
    0.21000000000000005,
    0.2899999999999999,
    0.028099999999999965,
    0.25,
    0.25,
    0.0,
    0.29,
    0.0,
    0.0,
    0.0,
    0.0,
    0.0,
    0.0,
    0.25,
    0.0,
    0.08999999999999998,
    0.09,
    0.0,
    0.0,
    0.0,
    0.0,
    0.0,
    0.09,
    0.0,
    0.0
  ],
  "average_variance": 0.30697624999999995,
  "num_responses": 80,
  "parameters": {
    "scale": 10,
    "num_trials": 10,
    "temperature": 0.9,
    "cutoff": 80
  }
}