{
  "judge_model": "gpt-4o",
  "temperature": 0.4,
  "individual_variances": [
    0.15999999999999998,
    0.0,
    0.08999999999999998,
    0.0,
    0.0,
    0.0,
    0.0,
    0.25,
    0.0,
    0.29
  ],
  "average_variance": 0.07899999999999999,
  "num_responses": 10,
  "parameters": {
    "scale": 10,
    "num_trials": 10,
    "temperature": 0.4,
    "cutoff": 10
  }
}