{
  "judge_model": "gpt-3.5-turbo",
  "temperature": 0.6,
  "individual_variances": [
    0.0,
    0.0,
    0.0,
    0.08999999999999998,
    0.0,
    0.16,
    0.0,
    0.09,
    0.21000000000000002,
    0.0,
    0.0,
    0.0,
    0.24,
    0.0,
    0.24,
    0.08999999999999998,
    0.0,
    0.16000000000000003,
    0.09,
    0.08999999999999997,
    0.16,
    0.21000000000000002,
    0.21000000000000005,
    19.44,
    0.2,
    0.69,
    0.35999999999999993,
    0.21000000000000002,
    0.6399999999999999,
    0.25,
    0.41000000000000003,
    0.8099999999999999,
    0.25,
    0.24000000000000005,
    0.6899999999999998,
    2.2399999999999998,
    0.08999999999999998,
    0.08999999999999997,
    0.0,
    0.0,
    0.0,
    0.20999999999999996,
    0.0,
    0.16000000000000003,
    0.0,
    0.21000000000000002,
    0.0,
    0.21000000000000002,
    0.21000000000000005,
    0.08999999999999998,
    4.209999999999999,
    0.6100000000000001,
    0.0,
    0.64,
    0.0,
    0.21000000000000002,
    0.08999999999999998,
    0.1025,
    0.25,
    0.21000000000000002,
    0.0,
    0.24,
    0.08999999999999997,
    0.0,
    0.0,
    0.0,
    0.0,
    0.0,
    0.09,
    0.0,
    0.0,
    0.0,
    0.0,
    0.0,
    0.0,
    0.0,
    0.0,
    0.0,
    0.0,
    0.0
  ],
  "average_variance": 0.4560312500000002,
  "num_responses": 80,
  "parameters": {
    "scale": 10,
    "num_trials": 10,
    "temperature": 0.6,
    "cutoff": 80
  }
}