{
  "judge_model": "gpt-4o-mini",
  "temperature": 0.5,
  "individual_variances": [
    0.0,
    0.0,
    0.0,
    0.09,
    0.0,
    0.0,
    0.0,
    0.09,
    0.0,
    0.25,
    0.24,
    0.0,
    0.09,
    0.0,
    0.29,
    0.0,
    0.0,
    0.0,
    0.0,
    0.0,
    0.08999999999999997,
    0.08999999999999997,
    0.21000000000000002,
    0.36,
    0.15999999999999998,
    0.0,
    0.21000000000000002,
    0.24000000000000005,
    0.0,
    0.08999999999999998,
    0.21000000000000002,
    0.15999999999999998,
    0.09,
    0.0,
    0.0,
    0.09,
    0.0,
    0.0,
    0.25,
    0.21000000000000002,
    0.0,
    0.0,
    0.21000000000000002,
    0.0,
    0.0,
    0.0,
    0.0,
    0.0,
    0.0,
    0.21000000000000002,
    0.09,
    0.0,
    0.15999999999999998,
    0.2,
    0.45,
    0.0,
    0.0,
    0.21000000000000002,
    0.21000000000000002,
    0.15999999999999998,
    0.0,
    0.0,
    0.0,
    0.0,
    0.0,
    0.0,
    0.0,
    0.25,
    0.0,
    0.0,
    0.0,
    0.0,
    0.0,
    0.0,
    0.0,
    0.08999999999999998,
    0.0,
    0.0,
    0.15999999999999998,
    0.09
  ],
  "average_variance": 0.075,
  "num_responses": 80,
  "parameters": {
    "scale": 10,
    "num_trials": 10,
    "temperature": 0.5,
    "cutoff": 80
  }
}