{
  "judge_model": "gpt-4o",
  "temperature": 0.9,
  "individual_variances": [
    0.16000000000000003,
    0.08999999999999998,
    1.89,
    0.25,
    0.0,
    0.09,
    0.25,
    0.25,
    0.2899999999999999,
    0.29000000000000004,
    0.21000000000000002,
    0.0,
    0.25,
    0.08999999999999998,
    1.2399999999999998,
    0.0,
    0.08999999999999997,
    0.21000000000000002,
    0.21000000000000002,
    0.24000000000000005,
    0.0,
    0.0,
    0.08999999999999998,
    2.09,
    3.2399999999999998,
    0.09,
    1.1600000000000004,
    0.16,
    0.24000000000000005,
    0.6399999999999999,
    0.24000000000000005,
    0.6399999999999999,
    0.08999999999999997,
    0.25,
    0.25,
    1.61,
    0.21000000000000002,
    0.24,
    0.0,
    0.0,
    0.0,
    0.0,
    0.24000000000000005,
    0.2,
    0.08999999999999998,
    0.16000000000000003,
    0.24,
    0.5599999999999999,
    0.0,
    0.0,
    2.0100000000000002,
    1.41,
    1.21,
    1.16,
    0.96,
    0.21000000000000002,
    0.15999999999999998,
    0.9600000000000002,
    1.01,
    0.48999999999999994,
    0.08999999999999998,
    0.08999999999999998,
    0.15999999999999998,
    0.24,
    0.0,
    0.1600000000000001,
    0.08999999999999997,
    0.08999999999999998,
    0.08999999999999998,
    0.24,
    0.0,
    0.08999999999999998,
    0.21000000000000002,
    0.20999999999999996,
    0.0,
    0.08999999999999997,
    0.08999999999999997,
    0.15999999999999998,
    0.0,
    0.0
  ],
  "average_variance": 0.38137499999999996,
  "num_responses": 80,
  "parameters": {
    "scale": 10,
    "num_trials": 10,
    "temperature": 0.9,
    "cutoff": 80
  }
}