{
  "judge_model": "gpt-3.5-turbo",
  "temperature": 0.6,
  "individual_variances": [
    0.0,
    0.25,
    0.0,
    0.25,
    0.0,
    0.0,
    0.08999999999999998,
    0.09,
    0.09,
    0.15999999999999998,
    0.0,
    0.0,
    0.15999999999999998,
    0.0,
    0.15999999999999998,
    0.20999999999999996,
    0.0,
    0.24,
    0.16000000000000003,
    0.25,
    0.09,
    0.08999999999999997,
    0.0,
    0.09,
    0.20999999999999996,
    1.44,
    0.21000000000000002,
    0.0,
    0.0,
    0.15999999999999998,
    0.24,
    0.08999999999999998,
    0.24000000000000005,
    0.0,
    0.24000000000000005,
    0.08999999999999998,
    0.21000000000000005,
    0.25,
    0.09,
    0.5600000000000002,
    0.08999999999999997,
    0.09,
    0.0,
    0.0,
    0.15999999999999998,
    0.0,
    0.0,
    0.1600000000000001,
    0.0,
    0.41,
    0.8400000000000001,
    0.0,
    0.08999999999999997,
    0.0,
    0.0,
    0.15999999999999998,
    0.0,
    0.0,
    0.08999999999999998,
    0.0,
    0.0,
    0.0,
    0.15999999999999998,
    0.0,
    0.24000000000000005,
    0.0,
    0.0,
    0.21000000000000002,
    0.0,
    0.0,
    0.09,
    0.0,
    0.0,
    0.08999999999999998,
    0.0,
    0.0,
    0.21000000000000002,
    0.0,
    0.0,
    0.09
  ],
  "average_variance": 0.11987500000000002,
  "num_responses": 80,
  "parameters": {
    "scale": 10,
    "num_trials": 10,
    "temperature": 0.6,
    "cutoff": 80
  }
}