{
  "judge_model": "gpt-4o",
  "temperature": 1.0,
  "individual_variances": [
    0.24,
    0.0,
    0.43999999999999995,
    0.16000000000000003,
    0.16,
    0.0,
    0.16,
    0.16000000000000003,
    0.09,
    0.45,
    0.24000000000000005,
    0.08999999999999998,
    0.08999999999999997,
    0.0,
    0.45,
    0.0,
    0.2,
    0.25,
    0.24000000000000005,
    0.25,
    0.21000000000000002,
    0.08999999999999998,
    0.09,
    1.44,
    0.8399999999999999,
    0.09,
    4.21,
    0.08999999999999998,
    0.41,
    0.44000000000000006,
    0.15999999999999998,
    0.45,
    0.08999999999999998,
    0.41000000000000003,
    0.24,
    3.04,
    0.21000000000000002,
    0.24,
    0.0,
    0.0,
    0.21000000000000002,
    0.16,
    0.29,
    0.0,
    0.4,
    0.21000000000000002,
    0.24000000000000005,
    0.16000000000000003,
    0.29,
    0.08999999999999998,
    2.7600000000000007,
    1.24,
    1.2399999999999998,
    2.05,
    0.41,
    0.45,
    0.41,
    0.89,
    1.65,
    3.81,
    0.08999999999999998,
    0.2899999999999999,
    0.09,
    0.2899999999999999,
    0.21000000000000002,
    0.0,
    0.0,
    0.24000000000000005,
    0.15999999999999998,
    0.24,
    0.16000000000000003,
    0.24,
    0.16,
    0.24,
    0.16000000000000006,
    0.0,
    0.21000000000000002,
    0.2,
    0.0,
    0.0
  ],
  "average_variance": 0.4545,
  "num_responses": 80,
  "parameters": {
    "scale": 10,
    "num_trials": 10,
    "temperature": 1.0,
    "cutoff": 80
  }
}