{
  "judge_model": "gpt-3.5-turbo",
  "temperature": 1.0,
  "individual_variances": [
    0.0,
    0.0,
    0.16000000000000006,
    0.20999999999999996,
    0.16,
    0.21000000000000002,
    0.0,
    0.0,
    0.21000000000000002,
    0.2899999999999999,
    0.0,
    0.0,
    0.16000000000000003,
    0.0,
    0.25,
    0.16000000000000003,
    0.0,
    0.25,
    0.0,
    0.16000000000000003,
    0.08999999999999998,
    0.61,
    0.16,
    14.05,
    0.15999999999999998,
    2.04,
    0.6399999999999999,
    0.43999999999999995,
    0.6,
    0.69,
    0.6100000000000001,
    1.41,
    0.24000000000000005,
    0.43999999999999995,
    0.5600000000000002,
    4.64,
    0.09,
    0.1600000000000001,
    0.0,
    0.0,
    0.0,
    0.20999999999999996,
    0.0,
    0.08999999999999997,
    0.0,
    0.21000000000000002,
    0.21000000000000002,
    0.25,
    0.41,
    0.44000000000000006,
    3.41,
    0.65,
    0.43999999999999995,
    0.48999999999999994,
    0.16,
    0.24000000000000005,
    0.35999999999999993,
    0.23999999999999994,
    0.25,
    0.44000000000000006,
    0.0,
    0.24,
    0.15999999999999998,
    0.0,
    0.0,
    0.0,
    0.0,
    0.0,
    0.09,
    0.0,
    0.08999999999999997,
    0.08999999999999998,
    0.0,
    0.0,
    0.0,
    0.0,
    0.0,
    0.0,
    0.0,
    0.0
  ],
  "average_variance": 0.48775000000000024,
  "num_responses": 80,
  "parameters": {
    "scale": 10,
    "num_trials": 10,
    "temperature": 1.0,
    "cutoff": 80
  }
}