{
  "judge_model": "gpt-4o",
  "temperature": 1.0,
  "individual_variances": [
    0.08999999999999998,
    0.0,
    0.48999999999999994,
    0.24000000000000005,
    0.21000000000000002,
    0.09,
    0.24,
    0.25,
    0.24000000000000005,
    0.41
  ],
  "average_variance": 0.22600000000000003,
  "num_responses": 10,
  "parameters": {
    "scale": 10,
    "num_trials": 10,
    "temperature": 1.0,
    "cutoff": 10
  }
}