{
  "judge_model": "gpt-4o",
  "temperature": 1.0,
  "individual_variances": [
    0.0,
    0.08999999999999998,
    0.0,
    0.24,
    0.0,
    0.36,
    0.21000000000000002,
    0.21000000000000002,
    0.24,
    0.16000000000000003,
    0.41,
    0.8,
    0.5599999999999999,
    0.0,
    0.35999999999999993,
    0.0,
    0.15999999999999998,
    0.36,
    0.15999999999999998,
    0.21000000000000002,
    0.08999999999999997,
    0.24,
    0.21000000000000002,
    5.76,
    1.25,
    4.56,
    0.0,
    0.0,
    0.2899999999999999,
    0.16000000000000003,
    0.24,
    0.0,
    0.20999999999999996,
    0.16000000000000003,
    0.0,
    1.45,
    0.0,
    0.6399999999999999,
    0.0,
    0.08999999999999998,
    0.0,
    0.24,
    0.25,
    0.08999999999999997,
    1.01,
    1.4900000000000002,
    0.16,
    0.48999999999999994,
    0.2,
    0.25,
    0.08999999999999998,
    0.08999999999999997,
    0.0,
    0.0,
    0.21000000000000002,
    0.0,
    0.21000000000000002,
    0.24,
    0.4,
    1.6099999999999999,
    0.0,
    0.0,
    0.21000000000000002,
    0.24000000000000005,
    0.15999999999999998,
    0.16,
    0.0,
    0.0,
    0.09,
    0.09,
    0.08999999999999998,
    0.08999999999999998,
    0.08999999999999998,
    0.2,
    0.0,
    0.2,
    0.09,
    0.2,
    0.21000000000000002,
    0.21000000000000002
  ],
  "average_variance": 0.36549999999999994,
  "num_responses": 80,
  "parameters": {
    "scale": 10,
    "num_trials": 10,
    "temperature": 1.0,
    "cutoff": 80
  }
}