{
  "judge_model": "gpt-3.5-turbo",
  "temperature": 0.9,
  "individual_variances": [
    0.0,
    0.0,
    0.08999999999999998,
    0.21000000000000002,
    0.08999999999999998,
    0.21000000000000002,
    0.0,
    0.0,
    0.25,
    0.09,
    0.0,
    0.0,
    0.25,
    0.0,
    0.16000000000000003,
    0.0,
    0.0,
    0.16,
    0.0,
    0.20999999999999996,
    0.41,
    0.76,
    0.21000000000000002,
    17.610000000000003,
    0.08999999999999998,
    3.6900000000000004,
    0.08999999999999997,
    0.21000000000000002,
    0.6,
    0.36,
    0.61,
    0.24,
    0.25,
    0.4,
    0.24,
    1.36,
    0.43999999999999995,
    0.15999999999999998,
    0.0,
    0.0,
    0.0,
    0.20999999999999996,
    0.08999999999999997,
    0.20999999999999996,
    0.09,
    0.16,
    0.24,
    0.24,
    0.24,
    0.21000000000000002,
    4.04,
    0.4,
    0.16000000000000003,
    1.0100000000000002,
    0.35999999999999993,
    0.21000000000000002,
    0.36,
    0.11000000000000001,
    0.41000000000000003,
    0.15999999999999998,
    0.0,
    0.15999999999999998,
    0.0,
    0.0,
    0.0,
    0.16000000000000003,
    0.0,
    0.0,
    0.24,
    0.0,
    0.08999999999999998,
    0.16,
    0.08999999999999997,
    0.0,
    0.08999999999999997,
    0.0,
    0.0,
    0.09,
    0.0,
    0.0
  ],
  "average_variance": 0.4929999999999999,
  "num_responses": 80,
  "parameters": {
    "scale": 10,
    "num_trials": 10,
    "temperature": 0.9,
    "cutoff": 80
  }
}