{
  "judge_model": "gpt-4o",
  "temperature": 0.6,
  "individual_variances": [
    0.09,
    0.09,
    0.69,
    0.21000000000000002,
    0.0,
    0.0,
    0.0,
    0.21000000000000002,
    0.21000000000000002,
    0.08999999999999998,
    0.24,
    0.0,
    0.21000000000000005,
    0.0,
    0.9600000000000002,
    0.08999999999999998,
    0.0,
    0.25,
    0.16000000000000003,
    0.21000000000000002,
    0.09,
    0.0,
    0.0,
    0.09,
    1.85,
    0.09,
    1.7600000000000005,
    0.08999999999999998,
    0.76,
    0.2899999999999999,
    0.15999999999999998,
    0.15999999999999998,
    0.0,
    0.21000000000000002,
    0.24000000000000005,
    1.1599999999999997,
    0.08999999999999997,
    0.24000000000000005,
    0.0,
    0.0,
    0.0,
    0.0,
    0.08999999999999998,
    0.08999999999999998,
    0.16000000000000003,
    0.0,
    0.24,
    0.2899999999999999,
    0.08999999999999998,
    0.16,
    1.4899999999999998,
    0.21000000000000002,
    0.85,
    0.8099999999999999,
    0.6399999999999999,
    0.4899999999999999,
    0.4,
    0.6,
    0.8,
    0.43999999999999984,
    0.0,
    0.16000000000000003,
    0.24,
    0.0,
    0.0,
    0.0,
    0.0,
    0.21000000000000002,
    0.09,
    0.24,
    0.0,
    0.0,
    0.0,
    0.24,
    0.16000000000000003,
    0.09,
    0.0,
    0.0,
    0.0,
    0.0
  ],
  "average_variance": 0.253375,
  "num_responses": 80,
  "parameters": {
    "scale": 10,
    "num_trials": 10,
    "temperature": 0.6,
    "cutoff": 80
  }
}