{
  "judge_model": "gpt-3.5-turbo",
  "temperature": 0.6,
  "individual_variances": [
    0.0,
    0.0,
    0.0,
    0.08999999999999998,
    0.0,
    0.20999999999999996,
    0.0,
    0.0,
    0.0,
    0.0,
    0.0,
    0.0,
    0.0,
    0.0,
    0.25,
    0.0,
    0.0,
    0.16000000000000006,
    0.1600000000000001,
    0.09,
    0.35999999999999993,
    0.6399999999999999,
    0.21000000000000002,
    7.440000000000003,
    0.16000000000000006,
    1.0099999999999998,
    0.0,
    0.20999999999999996,
    0.45,
    0.20999999999999996,
    0.25,
    0.24000000000000005,
    0.21000000000000002,
    0.48999999999999994,
    0.5600000000000002,
    1.36,
    0.08999999999999998,
    0.0,
    0.0,
    0.0,
    0.0,
    0.20999999999999996,
    0.09,
    0.08999999999999998,
    0.0,
    0.24,
    0.24,
    0.0,
    0.24000000000000005,
    0.21000000000000002,
    0.24,
    0.24,
    0.09,
    0.41,
    0.08999999999999998,
    0.21000000000000002,
    0.08999999999999998,
    0.0,
    0.21000000000000002,
    0.25,
    0.0,
    0.25,
    0.0,
    0.0,
    0.0,
    0.0,
    0.0,
    0.0,
    0.09,
    0.0,
    0.0,
    0.0,
    0.0,
    0.0,
    0.0,
    0.0,
    0.09,
    0.0,
    0.0,
    0.0
  ],
  "average_variance": 0.230375,
  "num_responses": 80,
  "parameters": {
    "scale": 10,
    "num_trials": 10,
    "temperature": 0.6,
    "cutoff": 80
  }
}