{
  "judge_model": "gpt-3.5-turbo",
  "temperature": 0.8,
  "individual_variances": [
    0.0,
    0.0,
    0.21000000000000005,
    0.16000000000000003,
    0.09,
    0.08999999999999997,
    0.08999999999999998,
    0.0,
    0.21000000000000002,
    0.0,
    0.0,
    0.08999999999999997,
    0.15999999999999998,
    0.0,
    0.21000000000000005,
    0.0,
    0.0,
    0.08999999999999997,
    0.08999999999999998,
    0.09,
    0.35999999999999993,
    0.25,
    0.09,
    17.64,
    0.2,
    1.6099999999999999,
    0.36,
    0.6100000000000002,
    0.25,
    0.24,
    0.43999999999999995,
    0.24000000000000005,
    0.25,
    0.7600000000000001,
    0.41000000000000003,
    2.16,
    0.65,
    0.15999999999999998,
    0.0,
    0.0,
    0.0,
    0.09,
    0.2,
    0.21000000000000002,
    0.0,
    0.20999999999999996,
    0.16000000000000003,
    0.16,
    0.15999999999999998,
    0.21000000000000002,
    1.81,
    0.25,
    0.1600000000000001,
    0.24,
    0.35999999999999993,
    0.25,
    0.20999999999999996,
    0.1025,
    0.24000000000000005,
    0.25,
    0.0,
    0.20999999999999996,
    0.0,
    0.0,
    0.0,
    0.16,
    0.0,
    0.0,
    0.21000000000000002,
    0.0,
    0.16000000000000006,
    0.08999999999999998,
    0.0,
    0.0,
    0.0,
    0.0,
    0.0,
    0.0,
    0.0,
    0.0
  ],
  "average_variance": 0.42953125,
  "num_responses": 80,
  "parameters": {
    "scale": 10,
    "num_trials": 10,
    "temperature": 0.8,
    "cutoff": 80
  }
}