{
  "judge_model": "gpt-4o",
  "temperature": 0.5,
  "individual_variances": [
    0.09,
    0.0,
    1.2,
    0.21000000000000002,
    0.08999999999999997,
    0.0,
    0.0,
    0.24,
    0.15999999999999998,
    0.15999999999999998,
    0.24000000000000005,
    0.0,
    0.24,
    0.0,
    0.41,
    0.0,
    0.0,
    0.16000000000000003,
    0.16000000000000003,
    0.25,
    0.0,
    0.0,
    0.0,
    0.36,
    0.76,
    0.0,
    3.05,
    0.0,
    0.25,
    0.29,
    0.08999999999999998,
    0.41,
    0.16000000000000006,
    0.16000000000000006,
    0.0,
    1.0399999999999998,
    0.0,
    0.24,
    0.0,
    0.0,
    0.0,
    0.0,
    0.0,
    0.0,
    0.16000000000000003,
    0.0,
    0.21000000000000002,
    0.2,
    0.08999999999999997,
    0.1600000000000001,
    1.25,
    1.21,
    0.21000000000000002,
    0.15999999999999998,
    0.15999999999999998,
    0.6400000000000001,
    0.65,
    0.15999999999999998,
    0.61,
    1.5600000000000005,
    0.0,
    0.08999999999999998,
    0.09,
    0.08999999999999998,
    0.0,
    0.0,
    0.0,
    0.08999999999999998,
    0.0,
    0.25,
    0.0,
    0.0,
    0.0,
    0.24000000000000005,
    0.15999999999999998,
    0.0,
    0.09,
    0.08999999999999998,
    0.0,
    0.08999999999999997
  ],
  "average_variance": 0.23912499999999998,
  "num_responses": 80,
  "parameters": {
    "scale": 10,
    "num_trials": 10,
    "temperature": 0.5,
    "cutoff": 80
  }
}