{
  "judge_model": "gpt-3.5-turbo",
  "temperature": 0.2,
  "individual_variances": [
    0.0,
    0.09,
    0.08999999999999998,
    0.24,
    0.0,
    0.0,
    0.0,
    0.0,
    0.25,
    0.0
  ],
  "average_variance": 0.06699999999999999,
  "num_responses": 10,
  "parameters": {
    "scale": 10,
    "num_trials": 10,
    "temperature": 0.2,
    "cutoff": 10
  }
}