{
  "judge_model": "gpt-4o",
  "temperature": 0.8,
  "individual_variances": [
    0.21000000000000002,
    0.08999999999999997,
    0.15999999999999998,
    0.15999999999999998,
    0.24,
    0.08999999999999998,
    0.08999999999999998,
    0.25,
    0.29,
    0.6399999999999999,
    0.25,
    0.0,
    0.16000000000000003,
    0.08999999999999998,
    1.8,
    0.0,
    0.1600000000000001,
    0.21000000000000002,
    0.25,
    0.24,
    0.08999999999999998,
    0.0,
    0.0,
    0.41,
    2.21,
    0.09,
    2.41,
    0.16000000000000003,
    0.41000000000000003,
    0.85,
    0.0,
    0.09,
    0.21000000000000005,
    0.24,
    0.15999999999999998,
    2.8899999999999997,
    0.08999999999999998,
    0.24,
    0.0,
    0.0,
    0.08999999999999998,
    0.21000000000000002,
    0.0,
    0.2899999999999999,
    0.41000000000000003,
    0.0,
    0.24,
    0.0,
    0.15999999999999998,
    0.16000000000000006,
    1.7599999999999998,
    1.01,
    1.8,
    1.41,
    0.76,
    0.49000000000000005,
    0.5599999999999999,
    0.6,
    0.8099999999999999,
    0.61,
    0.08999999999999997,
    0.36000000000000004,
    0.21000000000000005,
    0.16000000000000003,
    0.0,
    0.08999999999999997,
    0.0,
    0.09,
    0.09,
    0.20999999999999996,
    0.0,
    0.08999999999999997,
    0.0,
    0.20999999999999996,
    0.09,
    0.08999999999999998,
    0.0,
    0.08999999999999998,
    0.0,
    0.0
  ],
  "average_variance": 0.36462500000000003,
  "num_responses": 80,
  "parameters": {
    "scale": 10,
    "num_trials": 10,
    "temperature": 0.8,
    "cutoff": 80
  }
}