{
  "judge_model": "gpt-4o",
  "temperature": 0.8,
  "individual_variances": [
    0.0,
    0.08999999999999998,
    0.0,
    0.24,
    0.0,
    0.16,
    0.09,
    0.09,
    0.0,
    0.20999999999999996,
    0.21000000000000002,
    0.6399999999999999,
    0.49000000000000005,
    0.0,
    0.25,
    0.0,
    0.0,
    0.24,
    0.16000000000000003,
    0.36,
    0.21000000000000002,
    0.35999999999999993,
    0.09,
    9.25,
    2.04,
    1.5599999999999998,
    0.0,
    0.09,
    0.41000000000000003,
    0.24000000000000005,
    0.21000000000000002,
    0.0,
    0.08999999999999998,
    0.08999999999999998,
    0.09,
    0.8399999999999999,
    0.0,
    0.36,
    0.0,
    0.0,
    0.09,
    0.16000000000000006,
    0.16000000000000003,
    0.24,
    0.48999999999999994,
    0.8,
    0.16,
    0.61,
    0.0,
    0.0,
    0.25,
    0.0,
    0.0,
    0.0,
    0.16000000000000003,
    0.8400000000000001,
    0.20999999999999996,
    0.25,
    0.8399999999999999,
    1.29,
    0.0,
    0.21000000000000005,
    0.09,
    0.25,
    0.24000000000000005,
    0.21000000000000002,
    0.0,
    0.16,
    0.0,
    0.15999999999999998,
    0.08999999999999997,
    0.08999999999999998,
    0.08999999999999997,
    0.0,
    0.08999999999999997,
    0.15999999999999998,
    0.08999999999999998,
    0.0,
    0.15999999999999998,
    0.08999999999999997
  ],
  "average_variance": 0.3486249999999999,
  "num_responses": 80,
  "parameters": {
    "scale": 10,
    "num_trials": 10,
    "temperature": 0.8,
    "cutoff": 80
  }
}