{
  "judge_model": "gpt-4o",
  "temperature": 0.2,
  "individual_variances": [
    0.0,
    0.0,
    0.0,
    0.0,
    0.0,
    0.0,
    0.0,
    0.25,
    0.15999999999999998,
    0.0,
    0.09,
    0.15999999999999998,
    0.08999999999999997,
    0.0,
    0.24,
    0.0,
    0.0,
    0.08999999999999998,
    0.0,
    0.15999999999999998,
    0.0,
    0.0,
    0.0,
    0.0,
    0.2899999999999999,
    0.8100000000000002,
    0.0,
    0.0,
    0.15999999999999998,
    0.20999999999999996,
    0.0,
    0.0,
    0.0,
    0.0,
    0.0,
    0.21000000000000002,
    0.0,
    0.24,
    0.0,
    0.0,
    0.0,
    0.21000000000000002,
    0.0,
    0.16,
    0.0,
    0.44000000000000006,
    0.0,
    0.0,
    0.0,
    0.09,
    0.0,
    0.0,
    0.0,
    0.0,
    0.08999999999999997,
    0.0,
    0.0,
    0.24000000000000005,
    0.09,
    0.08999999999999997,
    0.0,
    0.0,
    0.0,
    0.08999999999999997,
    0.08999999999999998,
    0.24000000000000005,
    0.0,
    0.0,
    0.0,
    0.0,
    0.0,
    0.0,
    0.0,
    0.0,
    0.0,
    0.0,
    0.0,
    0.0,
    0.0,
    0.0
  ],
  "average_variance": 0.062375,
  "num_responses": 80,
  "parameters": {
    "scale": 10,
    "num_trials": 10,
    "temperature": 0.2,
    "cutoff": 80
  }
}