{
  "judge_model": "gpt-3.5-turbo",
  "temperature": 0.3,
  "individual_variances": [
    0.0,
    0.16000000000000003,
    0.08999999999999998,
    0.24,
    0.0,
    0.0,
    0.0,
    0.0,
    0.21000000000000002,
    0.0
  ],
  "average_variance": 0.06999999999999999,
  "num_responses": 10,
  "parameters": {
    "scale": 10,
    "num_trials": 10,
    "temperature": 0.3,
    "cutoff": 10
  }
}