{
  "judge_model": "gpt-4o",
  "temperature": 0.8,
  "individual_variances": [
    0.0,
    0.0,
    0.0,
    0.0,
    0.0,
    0.08999999999999998,
    0.0,
    0.21000000000000005,
    0.16000000000000003,
    0.0,
    0.5599999999999999,
    0.8899999999999999,
    0.61,
    0.0,
    0.25,
    0.0,
    0.0,
    0.16,
    0.16000000000000003,
    0.2,
    0.0,
    0.5600000000000002,
    0.16,
    8.440000000000001,
    0.8099999999999999,
    2.4,
    0.0,
    0.15999999999999998,
    0.25,
    0.36,
    0.09,
    0.0,
    0.16000000000000003,
    0.0,
    0.0,
    1.21,
    0.0,
    0.5600000000000002,
    0.0,
    0.0,
    0.08999999999999998,
    0.25,
    0.25,
    0.24000000000000005,
    0.41,
    0.6,
    0.0,
    0.08999999999999998,
    0.16,
    0.24,
    0.20999999999999996,
    0.0,
    0.0,
    0.0,
    0.15999999999999998,
    0.0,
    0.0,
    0.6,
    2.04,
    0.69,
    0.16000000000000003,
    0.0,
    0.16,
    0.16000000000000006,
    0.24,
    0.25,
    0.0,
    0.08999999999999997,
    0.0,
    0.0,
    0.0,
    0.16,
    0.16000000000000003,
    0.09,
    0.0,
    0.0,
    0.16,
    0.0,
    0.24000000000000005,
    0.16
  ],
  "average_variance": 0.33137500000000003,
  "num_responses": 80,
  "parameters": {
    "scale": 10,
    "num_trials": 10,
    "temperature": 0.8,
    "cutoff": 80
  }
}