{
  "judge_model": "gpt-4o",
  "temperature": 0.8,
  "individual_variances": [
    0.08999999999999998,
    0.0,
    0.2899999999999999,
    0.15999999999999998,
    0.15999999999999998,
    0.0,
    0.08999999999999998,
    0.21000000000000002,
    0.21000000000000002,
    0.36
  ],
  "average_variance": 0.15699999999999997,
  "num_responses": 10,
  "parameters": {
    "scale": 10,
    "num_trials": 10,
    "temperature": 0.8,
    "cutoff": 10
  }
}