{
  "judge_model": "gpt-4o",
  "temperature": 0.4,
  "individual_variances": [
    0.0,
    0.0,
    0.0,
    0.0,
    0.0,
    0.0,
    0.0,
    0.16,
    0.0,
    0.09,
    0.2,
    0.24000000000000005,
    0.0,
    0.0,
    0.08999999999999997,
    0.0,
    0.0,
    0.15999999999999998,
    0.0,
    0.44000000000000006,
    0.0,
    0.24,
    0.0,
    7.089999999999999,
    0.44000000000000006,
    7.440000000000002,
    0.0,
    0.0,
    0.09,
    0.16000000000000003,
    0.0,
    0.0,
    0.0,
    0.0,
    0.0,
    0.8899999999999999,
    0.0,
    0.25,
    0.0,
    0.0,
    0.0,
    0.0,
    0.0,
    0.21000000000000002,
    0.16000000000000003,
    0.85,
    0.0,
    0.09,
    0.0,
    0.20999999999999996,
    0.21000000000000002,
    0.0,
    0.0,
    0.08999999999999997,
    0.21000000000000002,
    0.08999999999999998,
    0.0,
    0.43999999999999995,
    0.36,
    0.43999999999999995,
    0.0,
    0.0,
    0.0,
    0.08999999999999998,
    0.16,
    0.09,
    0.0,
    0.0,
    0.0,
    0.0,
    0.0,
    0.0,
    0.0,
    0.0,
    0.0,
    0.0,
    0.0,
    0.0,
    0.08999999999999998,
    0.0
  ],
  "average_variance": 0.27212500000000006,
  "num_responses": 80,
  "parameters": {
    "scale": 10,
    "num_trials": 10,
    "temperature": 0.4,
    "cutoff": 80
  }
}