{
  "judge_model": "gpt-4o-mini",
  "temperature": 1.0,
  "individual_variances": [
    0.09,
    0.0,
    0.24000000000000005,
    0.09,
    0.0,
    0.0,
    0.0,
    0.25,
    0.15999999999999998,
    0.15999999999999998,
    0.16,
    0.08999999999999998,
    0.21000000000000002,
    0.15999999999999998,
    0.45,
    0.0,
    0.0,
    0.15999999999999998,
    0.08999999999999997,
    0.0,
    0.24000000000000005,
    0.08999999999999997,
    0.24,
    0.65,
    0.48999999999999994,
    0.0,
    0.09,
    0.25,
    0.08999999999999998,
    0.15999999999999998,
    0.09,
    0.35999999999999993,
    0.21000000000000002,
    0.0,
    0.0,
    0.24000000000000005,
    0.0,
    0.09,
    0.21000000000000002,
    0.2899999999999999,
    0.0,
    0.0,
    0.24,
    0.08999999999999998,
    0.0,
    0.08999999999999997,
    0.0,
    0.0,
    0.0,
    0.24000000000000005,
    0.5599999999999999,
    0.09,
    0.24000000000000005,
    0.41,
    0.2,
    0.0,
    0.0,
    0.29,
    0.24000000000000005,
    0.21000000000000002,
    0.0,
    0.0,
    0.0,
    0.0,
    0.0,
    0.0,
    0.0,
    0.24,
    0.0,
    0.20999999999999996,
    0.0,
    0.0,
    0.08999999999999998,
    0.0,
    0.0,
    0.21000000000000002,
    0.08999999999999998,
    0.0,
    0.08999999999999997,
    0.24
  ],
  "average_variance": 0.127125,
  "num_responses": 80,
  "parameters": {
    "scale": 10,
    "num_trials": 10,
    "temperature": 1.0,
    "cutoff": 80
  }
}