{
  "judge_model": "gpt-4o-mini",
  "temperature": 0.8,
  "individual_variances": [
    0.0,
    0.0,
    0.0,
    0.0,
    0.0,
    0.0,
    0.0,
    0.24,
    0.08999999999999998,
    0.25,
    0.25,
    0.0,
    0.0,
    0.0,
    0.41,
    0.08999999999999998,
    0.0,
    0.0,
    0.0,
    0.4,
    0.5600000000000002,
    0.08999999999999998,
    0.20999999999999996,
    0.8400000000000001,
    0.4,
    0.0,
    0.15999999999999998,
    0.20999999999999996,
    0.0,
    0.21000000000000002,
    0.1600000000000001,
    0.16000000000000003,
    0.24,
    0.16000000000000006,
    0.0,
    0.43999999999999995,
    0.0,
    0.0,
    0.0,
    0.08999999999999997,
    0.0,
    0.08999999999999997,
    0.21000000000000002,
    0.0,
    0.0,
    0.0,
    0.09,
    0.0,
    0.0,
    0.25,
    0.25,
    0.09,
    0.08999999999999998,
    0.5599999999999999,
    0.6899999999999998,
    0.0,
    0.2,
    0.6,
    0.29000000000000015,
    0.41,
    0.0,
    0.0,
    0.0,
    0.09,
    0.0,
    0.0,
    0.0,
    0.24000000000000005,
    0.0,
    0.09,
    0.0,
    0.08999999999999998,
    0.08999999999999998,
    0.0,
    0.1600000000000001,
    0.08999999999999997,
    0.0,
    0.0,
    0.15999999999999998,
    0.24000000000000005
  ],
  "average_variance": 0.134125,
  "num_responses": 80,
  "parameters": {
    "scale": 10,
    "num_trials": 10,
    "temperature": 0.8,
    "cutoff": 80
  }
}