{
  "judge_model": "gpt-4o",
  "temperature": 0.5,
  "individual_variances": [
    0.0,
    0.0,
    0.0,
    0.0,
    0.0,
    0.0,
    0.0,
    0.21000000000000005,
    0.0,
    0.08999999999999998,
    0.09,
    0.44000000000000006,
    0.25,
    0.0,
    0.21000000000000002,
    0.0,
    0.0,
    0.24,
    0.2,
    0.21000000000000002,
    0.0,
    0.21000000000000002,
    0.0,
    0.45,
    1.56,
    5.41,
    0.0,
    0.0,
    0.24,
    0.21000000000000002,
    0.09,
    0.0,
    0.0,
    0.0,
    0.0,
    0.8399999999999999,
    0.0,
    0.85,
    0.0,
    0.0,
    0.0,
    0.24000000000000005,
    0.08999999999999998,
    0.16,
    0.16000000000000003,
    0.8,
    0.0,
    0.2,
    0.08999999999999998,
    0.21000000000000002,
    0.24000000000000005,
    0.0,
    0.21000000000000002,
    0.09,
    0.25,
    0.0,
    0.0,
    0.8899999999999999,
    0.2899999999999999,
    1.2899999999999998,
    0.0,
    0.0,
    0.15999999999999998,
    0.25,
    0.24,
    0.08999999999999997,
    0.0,
    0.0,
    0.0,
    0.0,
    0.09,
    0.0,
    0.15999999999999998,
    0.16,
    0.0,
    0.08999999999999997,
    0.0,
    0.0,
    0.16000000000000006,
    0.09
  ],
  "average_variance": 0.23125,
  "num_responses": 80,
  "parameters": {
    "scale": 10,
    "num_trials": 10,
    "temperature": 0.5,
    "cutoff": 80
  }
}