{
  "judge_model": "gpt-4o-mini",
  "temperature": 0.3,
  "individual_variances": [
    0.0,
    0.0,
    0.0,
    0.0,
    0.0,
    0.0,
    0.0,
    0.0,
    0.0,
    0.15999999999999998
  ],
  "average_variance": 0.015999999999999997,
  "num_responses": 10,
  "parameters": {
    "scale": 10,
    "num_trials": 10,
    "temperature": 0.3,
    "cutoff": 10
  }
}