{
  "judge_model": "gpt-4o",
  "temperature": 0.7,
  "individual_variances": [
    0.0,
    0.1600000000000001,
    0.0,
    0.16,
    0.0,
    0.0,
    0.09,
    0.25,
    0.43999999999999995,
    0.08999999999999998,
    0.36,
    0.41,
    0.2899999999999999,
    0.0,
    0.15999999999999998,
    0.0,
    0.08999999999999998,
    0.08999999999999997,
    0.0,
    0.45,
    0.08999999999999998,
    0.2899999999999999,
    0.16,
    5.44,
    1.16,
    4.05,
    0.0,
    0.0,
    0.2899999999999999,
    0.25,
    0.08999999999999998,
    0.0,
    0.0,
    0.15999999999999998,
    0.0,
    0.64,
    0.0,
    0.8100000000000002,
    0.0,
    0.0,
    0.0,
    0.25,
    0.21000000000000002,
    0.25,
    0.25,
    0.85,
    0.08999999999999998,
    0.2899999999999999,
    0.08999999999999997,
    0.24000000000000005,
    0.08999999999999998,
    0.36,
    0.08999999999999997,
    0.0,
    0.6100000000000001,
    0.43999999999999995,
    0.09,
    0.4,
    0.6100000000000001,
    2.56,
    0.0,
    0.08999999999999997,
    0.09,
    0.0,
    0.41000000000000003,
    0.16000000000000003,
    0.0,
    0.0,
    0.0,
    0.09,
    0.0,
    0.0,
    0.0,
    0.0,
    0.0,
    0.0,
    0.0,
    0.0,
    0.20999999999999996,
    0.16000000000000003
  ],
  "average_variance": 0.31812499999999994,
  "num_responses": 80,
  "parameters": {
    "scale": 10,
    "num_trials": 10,
    "temperature": 0.7,
    "cutoff": 80
  }
}