{
  "judge_model": "gpt-4o",
  "temperature": 0.5,
  "individual_variances": [
    0.0,
    0.08999999999999998,
    0.0,
    0.16,
    0.0,
    0.08999999999999998,
    0.0,
    0.24,
    0.15999999999999998,
    0.08999999999999998,
    0.24,
    0.48999999999999994,
    0.15999999999999998,
    0.0,
    0.24,
    0.0,
    0.0,
    0.08999999999999997,
    0.0,
    0.25,
    0.0,
    0.1600000000000001,
    0.09,
    3.29,
    1.25,
    2.3600000000000003,
    0.0,
    0.0,
    0.6,
    0.20999999999999996,
    0.0,
    0.0,
    0.0,
    0.0,
    0.0,
    0.43999999999999995,
    0.0,
    0.24,
    0.0,
    0.0,
    0.0,
    0.21000000000000002,
    0.15999999999999998,
    0.08999999999999998,
    0.2899999999999999,
    0.8099999999999999,
    0.16,
    0.24,
    0.09,
    0.15999999999999998,
    0.21000000000000002,
    0.0,
    0.0,
    0.0,
    0.09,
    0.0,
    0.09,
    0.36,
    0.69,
    1.6099999999999999,
    0.0,
    0.08999999999999997,
    0.0,
    0.16000000000000003,
    0.21000000000000005,
    0.21000000000000002,
    0.0,
    0.0,
    0.0,
    0.0,
    0.0,
    0.0,
    0.09,
    0.0,
    0.0,
    0.0,
    0.0,
    0.0,
    0.0,
    0.08999999999999998
  ],
  "average_variance": 0.213125,
  "num_responses": 80,
  "parameters": {
    "scale": 10,
    "num_trials": 10,
    "temperature": 0.5,
    "cutoff": 80
  }
}