{
  "judge_model": "gpt-4o-mini",
  "temperature": 1.0,
  "individual_variances": [
    0.08999999999999998,
    0.0,
    0.0,
    0.0,
    0.0,
    0.0,
    0.0,
    0.0,
    0.20999999999999996,
    0.0,
    0.36,
    0.25,
    0.0,
    0.2899999999999999,
    0.24000000000000005,
    0.0,
    0.08999999999999998,
    0.08999999999999997,
    0.24,
    0.0,
    1.01,
    0.09,
    0.40999999999999986,
    0.76,
    0.09,
    0.08999999999999997,
    0.43999999999999984,
    0.4,
    0.0,
    0.21000000000000002,
    0.21000000000000002,
    0.43999999999999995,
    0.24,
    0.16000000000000003,
    0.0,
    0.09,
    0.24000000000000005,
    0.0,
    0.16000000000000006,
    2.6399999999999997,
    0.08999999999999998,
    1.2899999999999998,
    0.16,
    0.09,
    0.0,
    0.08999999999999998,
    0.0,
    0.0,
    0.0,
    0.24,
    0.0,
    0.6,
    0.16000000000000003,
    1.2,
    0.0,
    0.0,
    0.08999999999999998,
    0.0,
    0.0,
    0.0,
    0.0,
    0.0,
    0.09,
    0.16000000000000003,
    0.24000000000000005,
    0.09,
    0.0,
    0.0,
    0.09,
    0.0
  ],
  "average_variance": 0.2031428571428571,
  "num_responses": 70,
  "parameters": {
    "scale": 10,
    "num_trials": 10,
    "temperature": 1.0,
    "cutoff": 80
  }
}