{
  "judge_model": "gpt-4o-mini",
  "temperature": 0.9,
  "individual_variances": [
    0.0,
    0.0,
    0.2899999999999999,
    0.16000000000000006,
    0.0,
    0.0,
    0.0,
    0.09,
    0.09,
    0.25
  ],
  "average_variance": 0.088,
  "num_responses": 10,
  "parameters": {
    "scale": 10,
    "num_trials": 10,
    "temperature": 0.9,
    "cutoff": 10
  }
}