{
  "judge_model": "gpt-4o-mini",
  "temperature": 0.9,
  "individual_variances": [
    0.0,
    0.0,
    0.0,
    0.0,
    0.0,
    0.0,
    0.0,
    0.25,
    0.08999999999999997,
    0.21000000000000002,
    0.16000000000000006,
    0.0,
    0.21000000000000005,
    0.0,
    0.69,
    0.0,
    0.0,
    0.0,
    0.0,
    0.0,
    0.24,
    0.0,
    0.21000000000000002,
    1.21,
    0.21000000000000002,
    0.0,
    0.41,
    0.24,
    0.08999999999999998,
    0.24000000000000005,
    0.36,
    0.15999999999999998,
    0.20999999999999996,
    0.09,
    0.08999999999999998,
    0.65,
    0.0,
    0.08999999999999998,
    0.21000000000000002,
    0.24,
    0.0,
    0.21000000000000002,
    0.24000000000000005,
    0.0,
    0.09,
    0.0,
    0.0,
    0.09,
    0.0,
    0.20999999999999996,
    0.2,
    0.0,
    0.25,
    0.24,
    0.21000000000000002,
    0.09,
    0.41,
    0.2,
    0.25,
    0.5599999999999999,
    0.0,
    0.0,
    0.08999999999999998,
    0.08999999999999997,
    0.0,
    0.0,
    0.0,
    0.24,
    0.0,
    0.09,
    0.08999999999999998,
    0.21000000000000005,
    0.0,
    0.0,
    0.0,
    0.08999999999999998,
    0.0,
    0.0,
    0.16,
    0.21000000000000005
  ],
  "average_variance": 0.1385,
  "num_responses": 80,
  "parameters": {
    "scale": 10,
    "num_trials": 10,
    "temperature": 0.9,
    "cutoff": 80
  }
}