{
  "judge_model": "gpt-4o",
  "temperature": 0.9,
  "individual_variances": [
    0.0,
    0.15999999999999998,
    0.0,
    0.09,
    0.08999999999999998,
    0.0,
    0.0,
    0.24,
    0.0,
    0.21000000000000002,
    0.5599999999999999,
    1.21,
    0.2,
    0.08999999999999998,
    0.24,
    0.0,
    0.15999999999999998,
    0.24,
    0.08999999999999998,
    0.24,
    0.0,
    0.69,
    0.15999999999999998,
    1.9600000000000002,
    0.85,
    0.6399999999999999,
    0.0,
    0.0,
    0.9599999999999997,
    0.16,
    0.16,
    0.0,
    0.0,
    0.0,
    0.0,
    0.6399999999999999,
    0.0,
    0.24000000000000005,
    0.0,
    0.0,
    0.08999999999999997,
    0.15999999999999998,
    0.24,
    0.43999999999999995,
    0.43999999999999995,
    0.8099999999999999,
    0.08999999999999998,
    0.6399999999999999,
    0.08999999999999997,
    0.24000000000000005,
    0.21000000000000002,
    0.08999999999999997,
    0.0,
    0.08999999999999997,
    0.09,
    0.15999999999999998,
    0.08999999999999998,
    0.36,
    0.36,
    1.8399999999999999,
    0.0,
    0.16,
    0.16000000000000006,
    0.25,
    0.4,
    0.25,
    0.0,
    0.0,
    0.08999999999999998,
    0.09,
    0.09,
    0.0,
    0.15999999999999998,
    0.0,
    0.08999999999999997,
    0.09,
    0.0,
    0.0,
    0.24000000000000005,
    0.24
  ],
  "average_variance": 0.23899999999999993,
  "num_responses": 80,
  "parameters": {
    "scale": 10,
    "num_trials": 10,
    "temperature": 0.9,
    "cutoff": 80
  }
}