{
  "judge_model": "gpt-3.5-turbo",
  "temperature": 0.7,
  "individual_variances": [
    0.0,
    0.16,
    0.24,
    0.1600000000000001,
    0.0,
    0.0,
    0.08999999999999998,
    0.0,
    0.21000000000000002,
    0.2899999999999999,
    0.0,
    0.0,
    0.21000000000000002,
    0.0,
    0.15999999999999998,
    0.09,
    0.0,
    0.08999999999999998,
    0.0,
    0.16,
    0.0,
    0.15999999999999998,
    0.21000000000000002,
    0.15999999999999998,
    0.24000000000000005,
    1.61,
    0.21000000000000002,
    0.0,
    0.0,
    0.65,
    0.29,
    0.15999999999999998,
    0.24,
    0.2,
    0.25,
    0.6,
    0.15999999999999998,
    0.24,
    0.09,
    0.25,
    0.09,
    0.0,
    0.15999999999999998,
    0.0,
    0.25,
    0.0,
    0.0,
    0.08999999999999997,
    0.0,
    0.21000000000000002,
    0.8099999999999999,
    0.0,
    0.21000000000000002,
    0.2,
    0.2,
    0.15999999999999998,
    0.0,
    0.08999999999999998,
    0.25,
    0.0,
    0.21000000000000002,
    0.0,
    0.24,
    0.0,
    0.09,
    0.0,
    0.25,
    0.24000000000000005,
    0.0,
    0.0,
    0.0,
    0.0,
    0.0,
    0.0,
    0.0,
    0.0,
    0.08999999999999998,
    0.0,
    0.0,
    0.08999999999999998
  ],
  "average_variance": 0.14387500000000003,
  "num_responses": 80,
  "parameters": {
    "scale": 10,
    "num_trials": 10,
    "temperature": 0.7,
    "cutoff": 80
  }
}