{
  "judge_model": "gpt-3.5-turbo",
  "temperature": 1.0,
  "individual_variances": [
    0.0,
    0.21000000000000002,
    0.24,
    0.24,
    0.08999999999999998,
    0.08999999999999997,
    0.0,
    0.09,
    0.24,
    0.61,
    0.0,
    0.08999999999999998,
    0.24,
    0.0,
    1.1600000000000001,
    0.15999999999999998,
    0.0,
    0.15999999999999998,
    0.16000000000000003,
    0.21000000000000005,
    0.5599999999999999,
    0.09,
    0.16000000000000003,
    0.8400000000000001,
    0.16,
    4.61,
    0.43999999999999995,
    0.29000000000000004,
    0.4,
    0.65,
    0.29,
    0.4,
    0.21000000000000002,
    0.16000000000000003,
    0.24000000000000005,
    0.1600000000000001,
    0.16000000000000003,
    0.21000000000000002,
    0.25,
    0.8,
    0.0,
    0.08999999999999997,
    0.0,
    0.0,
    0.21000000000000005,
    0.21000000000000002,
    0.0,
    0.20999999999999996,
    0.0,
    0.25,
    0.89,
    0.24000000000000005,
    0.1600000000000001,
    0.15999999999999998,
    0.0,
    0.4400000000000001,
    0.0,
    0.15999999999999998,
    0.08999999999999997,
    0.16,
    0.16,
    0.0,
    0.0,
    0.0,
    0.0,
    0.0,
    0.0,
    0.21000000000000002,
    0.08999999999999998,
    0.0,
    0.0,
    0.0,
    0.0,
    0.15999999999999998,
    0.0,
    0.0,
    0.24,
    0.0,
    0.0,
    0.0
  ],
  "average_variance": 0.24000000000000007,
  "num_responses": 80,
  "parameters": {
    "scale": 10,
    "num_trials": 10,
    "temperature": 1.0,
    "cutoff": 80
  }
}