{
  "judge_model": "gpt-4o",
  "temperature": 0.6,
  "individual_variances": [
    0.0,
    0.0,
    0.09,
    0.15999999999999998,
    0.24,
    0.0,
    0.09,
    0.25,
    0.08999999999999998,
    0.2
  ],
  "average_variance": 0.11199999999999999,
  "num_responses": 10,
  "parameters": {
    "scale": 10,
    "num_trials": 10,
    "temperature": 0.6,
    "cutoff": 10
  }
}