{
  "judge_model": "gpt-3.5-turbo",
  "temperature": 0.3,
  "individual_variances": [
    0.0,
    0.0,
    0.0,
    0.0,
    0.0,
    0.0,
    0.0,
    0.0,
    0.09,
    0.0,
    0.0,
    0.0,
    0.15999999999999998,
    0.0,
    0.0,
    0.0,
    0.0,
    0.08999999999999997,
    0.0,
    0.0,
    0.0,
    0.16,
    0.0,
    12.959999999999999,
    0.09,
    1.2399999999999998,
    0.0,
    0.24000000000000005,
    0.0,
    0.21000000000000002,
    0.09,
    0.08999999999999998,
    0.21000000000000002,
    0.25,
    0.25,
    1.41,
    0.0,
    0.0,
    0.0,
    0.0,
    0.0,
    0.25,
    0.0,
    0.0,
    0.0,
    0.08999999999999997,
    0.08999999999999998,
    0.0,
    0.0,
    0.0,
    2.8,
    0.45,
    0.0,
    0.25,
    0.0,
    0.25,
    0.08999999999999997,
    0.0,
    0.09,
    0.16000000000000006,
    0.0,
    0.16000000000000003,
    0.0,
    0.0,
    0.0,
    0.0,
    0.0,
    0.0,
    0.08999999999999998,
    0.0,
    0.0,
    0.08999999999999998,
    0.0,
    0.0,
    0.0,
    0.0,
    0.0,
    0.0,
    0.0,
    0.0
  ],
  "average_variance": 0.28,
  "num_responses": 80,
  "parameters": {
    "scale": 10,
    "num_trials": 10,
    "temperature": 0.3,
    "cutoff": 80
  }
}