{
  "judge_model": "gpt-3.5-turbo",
  "temperature": 0.9,
  "individual_variances": [
    0.0,
    0.09,
    0.20999999999999996,
    0.25,
    0.0,
    0.0,
    0.0,
    0.16000000000000003,
    0.24000000000000005,
    0.6,
    0.0,
    0.0,
    0.24,
    0.0,
    0.8399999999999999,
    0.08999999999999997,
    0.0,
    0.09,
    0.0,
    0.09,
    0.2899999999999999,
    0.08999999999999998,
    0.21000000000000002,
    1.09,
    0.25,
    3.8,
    1.0899999999999999,
    0.24,
    0.0,
    0.41,
    0.48999999999999994,
    0.09,
    0.25,
    0.21000000000000002,
    0.43999999999999995,
    0.2,
    0.24,
    0.24,
    0.21000000000000002,
    0.85,
    0.16000000000000006,
    0.0,
    0.09,
    0.0,
    0.16,
    0.16,
    0.09,
    0.2899999999999999,
    0.0,
    0.25,
    2.05,
    0.09,
    0.15999999999999998,
    0.29000000000000004,
    0.0,
    0.61,
    0.2,
    0.08999999999999998,
    0.08999999999999998,
    0.08999999999999997,
    0.09,
    0.0,
    0.24,
    0.0,
    0.20999999999999996,
    0.0,
    0.0,
    0.25,
    0.08999999999999997,
    0.0,
    0.0,
    0.0,
    0.0,
    0.0,
    0.08999999999999998,
    0.09,
    0.24000000000000005,
    0.0,
    0.0,
    0.08999999999999998
  ],
  "average_variance": 0.24812499999999993,
  "num_responses": 80,
  "parameters": {
    "scale": 10,
    "num_trials": 10,
    "temperature": 0.9,
    "cutoff": 80
  }
}