{
  "judge_model": "gpt-3.5-turbo",
  "temperature": 0.3,
  "individual_variances": [
    0.0,
    0.0,
    0.0,
    0.09,
    0.0,
    0.24000000000000005,
    0.0,
    0.0,
    0.09,
    0.0,
    0.0,
    0.0,
    0.08999999999999998,
    0.0,
    0.15999999999999998,
    0.0,
    0.0,
    0.21000000000000002,
    0.0,
    0.0,
    0.0,
    0.44000000000000006,
    0.0,
    7.290000000000001,
    0.0,
    1.25,
    0.0,
    0.24,
    0.08999999999999997,
    0.08999999999999997,
    0.25,
    0.15999999999999998,
    0.25,
    0.0,
    0.24,
    1.2899999999999998,
    0.0,
    0.0,
    0.0,
    0.0,
    0.0,
    0.24,
    0.0,
    0.0,
    0.0,
    0.16,
    0.24000000000000005,
    0.08999999999999998,
    0.24,
    0.0,
    0.21000000000000002,
    0.2,
    0.08999999999999997,
    0.6399999999999999,
    0.0,
    0.09,
    0.0,
    0.0,
    0.0,
    0.08999999999999998,
    0.0,
    0.0,
    0.0,
    0.0,
    0.0,
    0.0,
    0.0,
    0.0,
    0.0,
    0.0,
    0.0,
    0.0,
    0.0,
    0.0,
    0.0,
    0.0,
    0.0,
    0.0,
    0.0,
    0.0
  ],
  "average_variance": 0.18450000000000003,
  "num_responses": 80,
  "parameters": {
    "scale": 10,
    "num_trials": 10,
    "temperature": 0.3,
    "cutoff": 80
  }
}