{
  "judge_model": "gpt-3.5-turbo",
  "temperature": 1.0,
  "individual_variances": [
    0.0,
    0.25,
    0.21000000000000002,
    0.25,
    0.0,
    0.08999999999999997,
    0.0,
    0.0,
    0.2899999999999999,
    0.41
  ],
  "average_variance": 0.14999999999999997,
  "num_responses": 10,
  "parameters": {
    "scale": 10,
    "num_trials": 10,
    "temperature": 1.0,
    "cutoff": 10
  }
}