{
  "judge_model": "gpt-3.5-turbo",
  "temperature": 0.5,
  "individual_variances": [
    0.0,
    0.0,
    0.0,
    0.0,
    0.08999999999999998,
    0.15999999999999998,
    0.0,
    0.0,
    0.08999999999999998,
    0.0,
    0.0,
    0.0,
    0.09,
    0.0,
    0.1600000000000001,
    0.0,
    0.0,
    0.0,
    0.0,
    0.08999999999999997,
    0.35999999999999993,
    0.6399999999999999,
    0.0,
    12.960000000000003,
    0.08999999999999998,
    1.01,
    0.0,
    0.25,
    0.2899999999999999,
    0.09,
    0.41,
    0.65,
    0.21000000000000002,
    0.24,
    0.5600000000000002,
    1.0899999999999999,
    0.16000000000000003,
    0.0,
    0.0,
    0.0,
    0.0,
    0.24,
    0.0,
    0.0,
    0.0,
    0.20999999999999996,
    0.15999999999999998,
    0.15999999999999998,
    0.25,
    0.15999999999999998,
    1.65,
    0.48999999999999994,
    0.0,
    0.69,
    0.0,
    0.24000000000000005,
    0.15999999999999998,
    0.052500000000000005,
    0.24000000000000005,
    0.24,
    0.0,
    0.21000000000000002,
    0.0,
    0.0,
    0.0,
    0.0,
    0.0,
    0.0,
    0.0,
    0.0,
    0.09,
    0.0,
    0.0,
    0.0,
    0.0,
    0.0,
    0.0,
    0.0,
    0.0,
    0.0
  ],
  "average_variance": 0.31165624999999986,
  "num_responses": 80,
  "parameters": {
    "scale": 10,
    "num_trials": 10,
    "temperature": 0.5,
    "cutoff": 80
  }
}