{
  "judge_model": "gpt-4o-mini",
  "temperature": 0.8,
  "individual_variances": [
    0.0,
    0.0,
    0.0,
    0.0,
    0.0,
    0.0,
    0.0,
    0.08999999999999997,
    0.25,
    0.0,
    0.08999999999999998,
    0.0,
    0.0,
    0.0,
    0.2,
    0.24000000000000005,
    0.0,
    0.21000000000000002,
    0.0,
    0.21000000000000002,
    0.0,
    0.65,
    0.0,
    0.4400000000000002,
    0.09,
    0.0,
    0.16,
    0.24,
    0.0,
    0.2899999999999999,
    0.0,
    0.24000000000000005,
    0.24,
    0.24000000000000005,
    0.21000000000000002,
    0.0,
    0.08999999999999997,
    0.0,
    0.0,
    0.96,
    0.09,
    2.81,
    0.21000000000000002,
    0.0,
    0.0,
    0.24000000000000005,
    0.0,
    0.0,
    0.0,
    0.2899999999999999,
    0.0,
    0.15999999999999998,
    0.25,
    0.8099999999999999,
    0.0,
    0.0,
    0.0,
    0.0,
    0.0,
    0.0,
    0.0,
    0.0,
    0.0,
    0.0,
    0.25,
    0.0,
    0.0,
    0.0,
    0.09,
    0.0,
    0.08999999999999997,
    0.08999999999999998
  ],
  "average_variance": 0.14611111111111114,
  "num_responses": 72,
  "parameters": {
    "scale": 10,
    "num_trials": 10,
    "temperature": 0.8,
    "cutoff": 80
  }
}