{
  "judge_model": "gpt-4o",
  "temperature": 0.9,
  "individual_variances": [
    0.0,
    0.0,
    0.0,
    0.16000000000000003,
    0.0,
    0.0,
    0.16,
    0.20999999999999996,
    0.15999999999999998,
    0.0,
    0.36,
    0.89,
    0.61,
    0.0,
    0.43999999999999984,
    0.0,
    0.16000000000000003,
    0.09,
    0.21000000000000002,
    0.69,
    0.0,
    0.43999999999999995,
    0.08999999999999998,
    9.960000000000003,
    0.69,
    2.4099999999999993,
    0.0,
    0.0,
    0.7600000000000002,
    0.25,
    0.08999999999999998,
    0.0,
    0.0,
    0.20999999999999996,
    0.16000000000000003,
    0.48999999999999994,
    0.0,
    0.85,
    0.0,
    0.0,
    0.0,
    0.24000000000000005,
    0.21000000000000002,
    0.16,
    0.36,
    1.0,
    0.24,
    0.2,
    0.09,
    0.29000000000000004,
    0.45,
    0.0,
    0.36,
    0.0,
    0.48999999999999994,
    0.09,
    0.16,
    0.35999999999999993,
    1.4899999999999998,
    1.2399999999999998,
    0.0,
    0.16000000000000003,
    0.24000000000000005,
    0.24000000000000005,
    0.21000000000000002,
    0.16,
    0.0,
    0.08999999999999998,
    0.1600000000000001,
    0.0,
    0.08999999999999998,
    0.09,
    0.16,
    0.08999999999999998,
    0.09,
    0.09,
    0.08999999999999998,
    0.0,
    0.21000000000000002,
    0.0
  ],
  "average_variance": 0.37674999999999986,
  "num_responses": 80,
  "parameters": {
    "scale": 10,
    "num_trials": 10,
    "temperature": 0.9,
    "cutoff": 80
  }
}