{
  "judge_model": "gpt-4o-mini",
  "temperature": 0.9,
  "individual_variances": [
    0.0,
    0.0,
    0.09,
    0.0,
    0.0,
    0.0,
    0.0,
    0.24,
    0.0,
    0.2,
    0.25,
    0.21000000000000002,
    0.0,
    0.15999999999999998,
    0.21000000000000005,
    0.0,
    0.21000000000000002,
    0.0,
    0.25,
    0.0,
    0.64,
    0.08999999999999998,
    0.44000000000000006,
    0.4400000000000001,
    0.0,
    0.45,
    0.21000000000000002,
    0.0,
    0.4,
    0.0,
    0.16000000000000006,
    0.24000000000000005,
    0.25,
    0.24,
    0.25,
    0.0,
    0.16000000000000003,
    0.21000000000000002,
    0.0,
    0.0,
    1.45,
    0.0,
    0.09,
    0.16000000000000003,
    0.0,
    0.4,
    0.0,
    0.0,
    0.0,
    0.08999999999999998,
    0.2899999999999999,
    0.0,
    0.2899999999999999,
    0.21000000000000002,
    0.0,
    0.0,
    0.0,
    0.0,
    0.0,
    0.0,
    0.08999999999999997,
    0.24,
    0.0,
    0.0,
    0.0,
    0.0,
    0.16,
    0.0
  ],
  "average_variance": 0.13926470588235296,
  "num_responses": 68,
  "parameters": {
    "scale": 10,
    "num_trials": 10,
    "temperature": 0.9,
    "cutoff": 80
  }
}