{
  "judge_model": "gpt-4o-mini",
  "temperature": 0.7,
  "individual_variances": [
    0.0,
    0.0,
    0.0,
    0.0,
    0.0,
    0.0,
    0.0,
    0.21000000000000002,
    0.09,
    0.25,
    0.09,
    0.0,
    0.09,
    0.0,
    0.2,
    0.0,
    0.0,
    0.15999999999999998,
    0.0,
    0.0,
    0.41,
    0.08999999999999998,
    0.24000000000000005,
    0.36,
    0.36,
    0.0,
    0.25,
    0.24,
    0.08999999999999997,
    0.25,
    0.0,
    0.41000000000000003,
    0.0,
    0.0,
    0.0,
    0.2,
    0.08999999999999998,
    0.0,
    0.21000000000000002,
    0.24000000000000005,
    0.0,
    0.0,
    0.16000000000000006,
    0.0,
    0.0,
    0.0,
    0.0,
    0.0,
    0.0,
    0.25,
    0.0,
    0.16000000000000006,
    0.41000000000000003,
    0.36,
    0.24000000000000005,
    0.0,
    0.09,
    0.61,
    0.2900000000000001,
    0.65,
    0.09,
    0.0,
    0.0,
    0.0,
    0.0,
    0.0,
    0.0,
    0.16000000000000003,
    0.0,
    0.0,
    0.0,
    0.0,
    0.0,
    0.0,
    0.0,
    0.08999999999999998,
    0.09,
    0.0,
    0.08999999999999997,
    0.08999999999999998
  ],
  "average_variance": 0.10450000000000001,
  "num_responses": 80,
  "parameters": {
    "scale": 10,
    "num_trials": 10,
    "temperature": 0.7,
    "cutoff": 80
  }
}