{
  "judge_model": "gpt-4o-mini",
  "temperature": 0.6,
  "individual_variances": [
    0.0,
    0.0,
    0.08999999999999998,
    0.09,
    0.0,
    0.0,
    0.0,
    0.0,
    0.0,
    0.25,
    0.09,
    0.0,
    0.0,
    0.0,
    0.43999999999999995,
    0.0,
    0.0,
    0.15999999999999998,
    0.0,
    0.21000000000000002,
    0.0,
    0.24000000000000005,
    0.09,
    0.8399999999999999,
    0.2,
    0.0,
    0.24000000000000005,
    0.20999999999999996,
    0.0,
    0.15999999999999998,
    0.09,
    0.16,
    0.0,
    0.0,
    0.0,
    0.21000000000000002,
    0.0,
    0.08999999999999997,
    0.21000000000000002,
    0.21000000000000002,
    0.0,
    0.0,
    0.25,
    0.0,
    0.0,
    0.0,
    0.0,
    0.0,
    0.0,
    0.16000000000000003,
    0.15999999999999998,
    0.09,
    0.15999999999999998,
    0.41,
    0.48999999999999994,
    0.0,
    0.08999999999999998,
    0.2899999999999999,
    0.25,
    0.29,
    0.0,
    0.0,
    0.0,
    0.0,
    0.0,
    0.0,
    0.0,
    0.24000000000000005,
    0.0,
    0.0,
    0.0,
    0.0,
    0.08999999999999997,
    0.0,
    0.0,
    0.0,
    0.09,
    0.0,
    0.0,
    0.24000000000000005
  ],
  "average_variance": 0.09475000000000001,
  "num_responses": 80,
  "parameters": {
    "scale": 10,
    "num_trials": 10,
    "temperature": 0.6,
    "cutoff": 80
  }
}