{
  "judge_model": "gpt-4o-mini",
  "temperature": 0.8,
  "individual_variances": [
    0.0,
    0.0,
    0.0,
    0.09,
    0.0,
    0.0,
    0.0,
    0.08999999999999998,
    0.08999999999999998,
    0.21000000000000002
  ],
  "average_variance": 0.048,
  "num_responses": 10,
  "parameters": {
    "scale": 10,
    "num_trials": 10,
    "temperature": 0.8,
    "cutoff": 10
  }
}