{
  "judge_model": "gpt-3.5-turbo",
  "temperature": 0.7,
  "individual_variances": [
    0.0,
    0.0,
    0.15999999999999998,
    0.0,
    0.0,
    0.20999999999999996,
    0.0,
    0.0,
    0.21000000000000002,
    0.0,
    0.0,
    0.0,
    0.24,
    0.0,
    0.24,
    0.0,
    0.0,
    0.21000000000000002,
    0.09,
    0.16000000000000003,
    0.0,
    0.6399999999999999,
    0.15999999999999998,
    15.959999999999999,
    0.09,
    1.8099999999999998,
    0.35999999999999993,
    0.25,
    0.6100000000000001,
    0.24,
    0.24000000000000005,
    0.43999999999999995,
    0.2899999999999999,
    0.44000000000000006,
    0.4,
    0.6,
    0.3599999999999999,
    0.0,
    0.0,
    0.0,
    0.09,
    0.25,
    0.0,
    0.0,
    0.0,
    0.25,
    0.0,
    0.0,
    0.24,
    0.5599999999999999,
    2.84,
    0.41,
    0.20999999999999996,
    0.41000000000000003,
    0.0,
    0.21000000000000002,
    0.43999999999999995,
    0.1,
    0.25,
    0.25,
    0.0,
    0.21000000000000002,
    0.09,
    0.0,
    0.0,
    0.0,
    0.0,
    0.0,
    0.0,
    0.0,
    0.08999999999999997,
    0.08999999999999998,
    0.0,
    0.0,
    0.0,
    0.0,
    0.0,
    0.0,
    0.0,
    0.0
  ],
  "average_variance": 0.39249999999999996,
  "num_responses": 80,
  "parameters": {
    "scale": 10,
    "num_trials": 10,
    "temperature": 0.7,
    "cutoff": 80
  }
}