{
  "judge_model": "gpt-3.5-turbo",
  "temperature": 0.9,
  "individual_variances": [
    0.09,
    0.24,
    0.21000000000000002,
    0.24000000000000005,
    0.0,
    0.0,
    0.15999999999999998,
    0.0,
    0.43999999999999995,
    0.21000000000000002
  ],
  "average_variance": 0.15899999999999997,
  "num_responses": 10,
  "parameters": {
    "scale": 10,
    "num_trials": 10,
    "temperature": 0.9,
    "cutoff": 10
  }
}