{
  "judge_model": "gpt-4o",
  "temperature": 1.0,
  "individual_variances": [
    0.08999999999999997,
    0.15999999999999998,
    0.08999999999999997,
    0.25,
    0.08999999999999998,
    0.16,
    0.15999999999999998,
    0.24,
    0.16000000000000003,
    0.24000000000000005,
    0.4,
    0.61,
    0.45,
    0.0,
    0.36,
    0.08999999999999998,
    0.24,
    0.24,
    0.21000000000000002,
    0.6899999999999998,
    0.0,
    0.4,
    0.08999999999999998,
    5.85,
    0.2900000000000001,
    1.0399999999999998,
    0.08999999999999998,
    0.09,
    0.7600000000000001,
    0.21000000000000005,
    0.16,
    0.0,
    0.0,
    0.08999999999999998,
    0.0,
    1.7600000000000002,
    0.0,
    1.61,
    0.0,
    0.0,
    0.09,
    0.24,
    0.16000000000000003,
    0.15999999999999998,
    1.4,
    0.41,
    0.21000000000000002,
    0.16,
    0.16,
    0.24,
    0.25,
    0.08999999999999998,
    0.0,
    0.15999999999999998,
    0.21000000000000002,
    0.41,
    0.16000000000000006,
    0.48999999999999994,
    0.9600000000000002,
    3.04,
    0.08999999999999998,
    0.1600000000000001,
    0.24000000000000005,
    0.16,
    0.25,
    0.16000000000000003,
    0.09,
    0.0,
    0.0,
    0.16,
    0.21000000000000002,
    0.0,
    0.16000000000000003,
    0.0,
    0.08999999999999998,
    0.09,
    0.0,
    0.2899999999999999,
    0.25,
    0.08999999999999997
  ],
  "average_variance": 0.36074999999999996,
  "num_responses": 80,
  "parameters": {
    "scale": 10,
    "num_trials": 10,
    "temperature": 1.0,
    "cutoff": 80
  }
}