{
  "judge_model": "gpt-4o",
  "temperature": 0.4,
  "individual_variances": [
    0.0,
    0.0,
    0.43999999999999984,
    0.16,
    0.08999999999999998,
    0.0,
    0.0,
    0.16,
    0.08999999999999998,
    0.08999999999999998,
    0.21000000000000002,
    0.0,
    0.0,
    0.0,
    0.29,
    0.0,
    0.0,
    0.0,
    0.09,
    0.25,
    0.0,
    0.0,
    0.0,
    0.48999999999999994,
    1.01,
    0.0,
    1.9600000000000002,
    0.0,
    0.25,
    0.2899999999999999,
    0.0,
    0.0,
    0.08999999999999998,
    0.24000000000000005,
    0.08999999999999997,
    0.9600000000000002,
    0.0,
    0.25,
    0.0,
    0.0,
    0.0,
    0.09,
    0.0,
    0.08999999999999997,
    0.08999999999999998,
    0.0,
    0.24,
    0.0,
    0.0,
    0.0,
    0.9600000000000002,
    0.5599999999999999,
    0.8,
    0.15999999999999998,
    0.2,
    0.09,
    0.08999999999999998,
    0.36,
    0.29,
    0.76,
    0.0,
    0.16000000000000003,
    0.21000000000000002,
    0.0,
    0.0,
    0.0,
    0.0,
    0.16,
    0.09,
    0.25,
    0.0,
    0.0,
    0.0,
    0.16000000000000003,
    0.08999999999999998,
    0.0,
    0.0,
    0.0,
    0.0,
    0.0
  ],
  "average_variance": 0.1675,
  "num_responses": 80,
  "parameters": {
    "scale": 10,
    "num_trials": 10,
    "temperature": 0.4,
    "cutoff": 80
  }
}