{
  "judge_model": "gpt-3.5-turbo",
  "temperature": 0.8,
  "individual_variances": [
    0.09,
    0.16,
    0.21000000000000002,
    0.24,
    0.0,
    0.0,
    0.0,
    0.16,
    0.25,
    0.2,
    0.0,
    0.0,
    0.21000000000000002,
    0.0,
    0.2,
    0.21000000000000002,
    0.0,
    0.0,
    0.09,
    0.21000000000000002,
    0.36,
    0.08999999999999997,
    0.16000000000000003,
    1.0399999999999998,
    0.24000000000000005,
    1.05,
    0.8099999999999999,
    0.25,
    0.09,
    0.43999999999999995,
    0.45,
    0.0,
    0.2899999999999999,
    0.16,
    0.41,
    0.2899999999999999,
    0.08999999999999997,
    0.24000000000000005,
    0.16,
    0.6,
    0.0,
    0.08999999999999997,
    0.0,
    0.0,
    0.21000000000000002,
    0.0,
    0.0,
    0.15999999999999998,
    0.0,
    0.08999999999999998,
    1.0,
    0.2,
    0.0,
    0.08999999999999997,
    0.09,
    0.5599999999999999,
    0.0,
    0.0,
    0.0,
    0.0,
    0.24,
    0.0,
    0.21000000000000002,
    0.0,
    0.0,
    0.0,
    0.08999999999999998,
    0.24000000000000005,
    0.08999999999999998,
    0.0,
    0.0,
    0.0,
    0.0,
    0.20999999999999996,
    0.0,
    0.0,
    0.25,
    0.0,
    0.0,
    0.0
  ],
  "average_variance": 0.165875,
  "num_responses": 80,
  "parameters": {
    "scale": 10,
    "num_trials": 10,
    "temperature": 0.8,
    "cutoff": 80
  }
}