{
  "judge_model": "gpt-4o",
  "temperature": 0.7,
  "individual_variances": [
    0.24000000000000005,
    0.0,
    0.45,
    0.25,
    0.20999999999999996,
    0.0,
    0.21000000000000002,
    0.25,
    0.24000000000000005,
    0.29,
    0.21000000000000005,
    0.0,
    0.21000000000000005,
    0.0,
    1.0,
    0.21000000000000005,
    0.0,
    0.25,
    0.09,
    0.44000000000000006,
    0.09,
    0.0,
    0.0,
    0.36,
    0.48999999999999994,
    0.0,
    3.21,
    0.0,
    0.25,
    1.1600000000000001,
    0.43999999999999995,
    0.43999999999999995,
    0.16000000000000003,
    0.15999999999999998,
    0.25,
    1.25,
    0.08999999999999998,
    0.16,
    0.0,
    0.0,
    0.08999999999999997,
    0.0,
    0.0,
    0.0,
    0.2899999999999999,
    0.0,
    0.0,
    0.09,
    0.0,
    0.08999999999999998,
    2.2,
    1.2,
    0.8099999999999999,
    0.76,
    0.36,
    0.21000000000000002,
    0.48999999999999994,
    0.8099999999999999,
    0.96,
    0.45,
    0.08999999999999998,
    0.15999999999999998,
    0.09,
    0.0,
    0.0,
    0.0,
    0.0,
    0.0,
    0.08999999999999998,
    0.24,
    0.09,
    0.0,
    0.0,
    0.24,
    0.08999999999999998,
    0.09,
    0.08999999999999998,
    0.0,
    0.0,
    0.09
  ],
  "average_variance": 0.2903749999999999,
  "num_responses": 80,
  "parameters": {
    "scale": 10,
    "num_trials": 10,
    "temperature": 0.7,
    "cutoff": 80
  }
}