{
  "judge_model": "gpt-4o",
  "temperature": 0.9,
  "individual_variances": [
    0.21000000000000002,
    0.0,
    1.01,
    0.24,
    0.16000000000000006,
    0.0,
    0.29,
    0.09,
    0.15999999999999998,
    0.48999999999999994
  ],
  "average_variance": 0.265,
  "num_responses": 10,
  "parameters": {
    "scale": 10,
    "num_trials": 10,
    "temperature": 0.9,
    "cutoff": 10
  }
}