{
  "judge_model": "gpt-3.5-turbo",
  "temperature": 0.8,
  "individual_variances": [
    0.0,
    0.21000000000000002,
    0.25,
    0.08999999999999998,
    0.0,
    0.09,
    0.21000000000000002,
    0.09,
    0.21000000000000002,
    0.2
  ],
  "average_variance": 0.135,
  "num_responses": 10,
  "parameters": {
    "scale": 10,
    "num_trials": 10,
    "temperature": 0.8,
    "cutoff": 10
  }
}