{
  "judge_model": "gpt-3.5-turbo",
  "temperature": 1.0,
  "individual_variances": [
    0.0,
    0.0,
    0.15999999999999998,
    0.16,
    0.0,
    0.0,
    0.08999999999999997,
    0.21000000000000005,
    0.24000000000000005,
    0.24,
    0.0,
    0.15999999999999998,
    0.25,
    0.0,
    0.24,
    0.0,
    0.0,
    0.20999999999999996,
    0.21000000000000002,
    0.25,
    0.15999999999999998,
    0.69,
    0.41,
    7.160000000000001,
    0.48999999999999994,
    0.6100000000000001,
    0.09,
    0.41,
    0.69,
    0.24000000000000005,
    0.41000000000000003,
    0.24000000000000005,
    0.20999999999999996,
    0.21000000000000002,
    0.36,
    4.959999999999999,
    0.16000000000000003,
    0.20999999999999996,
    0.0,
    0.0,
    0.08999999999999998,
    0.21000000000000002,
    0.0,
    0.41,
    0.0,
    0.25,
    0.1600000000000001,
    0.16000000000000003,
    0.36,
    0.43999999999999995,
    1.01,
    0.56,
    0.24,
    0.7600000000000001,
    0.09,
    0.25,
    0.16,
    0.04210000000000003,
    0.29000000000000004,
    0.25,
    0.0,
    0.0,
    0.0,
    0.0,
    0.0,
    0.0,
    0.0,
    0.0,
    0.09,
    0.0,
    0.21000000000000002,
    0.0,
    0.0,
    0.0,
    0.0,
    0.08999999999999997,
    0.0,
    0.0,
    0.0,
    0.08999999999999998
  ],
  "average_variance": 0.32927625000000005,
  "num_responses": 80,
  "parameters": {
    "scale": 10,
    "num_trials": 10,
    "temperature": 1.0,
    "cutoff": 80
  }
}