{
  "judge_model": "gpt-4o-mini",
  "temperature": 0.3,
  "individual_variances": [
    0.0,
    0.0,
    0.0,
    0.0,
    0.0,
    0.0,
    0.0,
    0.0,
    0.25,
    0.0,
    0.15999999999999998,
    0.24,
    0.08999999999999998,
    0.0,
    0.15999999999999998,
    0.0,
    0.0,
    0.0,
    0.0,
    0.15999999999999998,
    0.0,
    0.65,
    0.0,
    0.0,
    0.0,
    0.0,
    0.0,
    0.0,
    0.0,
    0.0,
    0.15999999999999998,
    0.0,
    0.0,
    0.0,
    0.25,
    0.08999999999999998,
    0.0,
    0.08999999999999997,
    0.0,
    0.0,
    0.09,
    0.0,
    0.0,
    0.8399999999999999,
    0.0,
    0.45,
    0.24,
    0.15999999999999998,
    0.0,
    0.21000000000000002,
    0.09,
    0.0,
    0.0,
    0.0,
    0.0,
    0.25,
    0.0,
    0.0,
    0.0,
    0.21000000000000002,
    0.0,
    0.0,
    0.0,
    0.0,
    0.0,
    0.0,
    0.0,
    0.0,
    0.0,
    0.0,
    0.0,
    0.0,
    0.0,
    0.0,
    0.0,
    0.0,
    0.0,
    0.0,
    0.0,
    0.0
  ],
  "average_variance": 0.0605,
  "num_responses": 80,
  "parameters": {
    "scale": 10,
    "num_trials": 10,
    "temperature": 0.3,
    "cutoff": 80
  }
}