{
  "judge_model": "gpt-3.5-turbo",
  "temperature": 0.6,
  "individual_variances": [
    0.0,
    0.25,
    0.09,
    0.1600000000000001,
    0.0,
    0.09,
    0.0,
    0.0,
    0.24000000000000005,
    0.0
  ],
  "average_variance": 0.083,
  "num_responses": 10,
  "parameters": {
    "scale": 10,
    "num_trials": 10,
    "temperature": 0.6,
    "cutoff": 10
  }
}