{
  "judge_model": "gpt-3.5-turbo",
  "temperature": 0.8,
  "individual_variances": [
    0.0,
    0.0,
    0.0,
    0.16000000000000003,
    0.24,
    0.20999999999999996,
    0.0,
    0.16,
    0.24,
    0.16,
    0.0,
    0.0,
    0.24000000000000005,
    0.0,
    0.24,
    0.0,
    0.0,
    0.21000000000000002,
    0.24,
    0.16,
    0.0,
    0.36,
    0.1600000000000001,
    7.290000000000001,
    0.08999999999999998,
    1.05,
    0.41,
    0.40999999999999986,
    0.6399999999999999,
    0.24,
    0.43999999999999995,
    0.6399999999999999,
    0.21000000000000002,
    0.5600000000000002,
    0.45,
    3.4,
    0.09,
    0.45,
    0.09,
    0.0,
    0.08999999999999998,
    0.21000000000000002,
    0.0,
    0.2,
    0.0,
    0.24000000000000005,
    0.16000000000000006,
    0.08999999999999997,
    0.16000000000000006,
    0.15999999999999998,
    1.2899999999999998,
    0.85,
    0.24,
    0.6,
    0.16000000000000003,
    0.21000000000000002,
    0.16000000000000003,
    0.04,
    0.08999999999999997,
    0.43999999999999995,
    0.0,
    0.09,
    0.0,
    0.0,
    0.0,
    0.24,
    0.0,
    0.0,
    0.08999999999999997,
    0.0,
    0.09,
    0.0,
    0.0,
    0.0,
    0.0,
    0.0,
    0.0,
    0.0,
    0.0,
    0.0
  ],
  "average_variance": 0.31425000000000003,
  "num_responses": 80,
  "parameters": {
    "scale": 10,
    "num_trials": 10,
    "temperature": 0.8,
    "cutoff": 80
  }
}