{
  "judge_model": "gpt-4o-mini",
  "temperature": 0.6,
  "individual_variances": [
    0.0,
    0.0,
    0.0,
    0.08999999999999998,
    0.0,
    0.0,
    0.0,
    0.08999999999999998,
    0.25,
    0.0,
    0.24000000000000005,
    0.21000000000000002,
    0.0,
    0.0,
    0.24,
    0.08999999999999998,
    0.0,
    0.21000000000000002,
    0.0,
    0.21000000000000002,
    0.0,
    0.89,
    0.0,
    0.36,
    0.0,
    0.0,
    0.0,
    0.15999999999999998,
    0.08999999999999997,
    0.0,
    0.65,
    0.0,
    0.24,
    0.0,
    0.24,
    0.24000000000000005,
    0.0,
    0.24000000000000005,
    0.0,
    0.09,
    0.09,
    0.0,
    0.0,
    0.8,
    0.0,
    0.76,
    0.24000000000000005,
    0.15999999999999998,
    0.0,
    0.21000000000000002,
    0.0,
    0.0,
    0.0,
    0.0,
    0.0,
    0.35999999999999993,
    0.0,
    0.0,
    0.20999999999999996,
    0.65,
    0.0,
    0.0,
    0.09,
    0.0,
    0.0,
    0.0,
    0.0,
    0.0,
    0.0,
    0.0,
    0.0,
    0.0,
    0.24,
    0.0,
    0.0,
    0.0,
    0.0,
    0.0,
    0.09,
    0.0
  ],
  "average_variance": 0.109125,
  "num_responses": 80,
  "parameters": {
    "scale": 10,
    "num_trials": 10,
    "temperature": 0.6,
    "cutoff": 80
  }
}