{
  "judge_model": "gpt-4o",
  "temperature": 0.3,
  "individual_variances": [
    0.08999999999999997,
    0.0,
    0.41,
    0.09,
    0.0,
    0.0,
    0.0,
    0.20999999999999996,
    0.0,
    0.0
  ],
  "average_variance": 0.07999999999999999,
  "num_responses": 10,
  "parameters": {
    "scale": 10,
    "num_trials": 10,
    "temperature": 0.3,
    "cutoff": 10
  }
}