{
  "judge_model": "gpt-4o",
  "temperature": 0.7,
  "individual_variances": [
    0.0,
    0.0,
    0.08999999999999998,
    0.20999999999999996,
    0.0,
    0.08999999999999997,
    0.09,
    0.08999999999999997,
    0.15999999999999998,
    0.15999999999999998,
    0.41,
    0.2899999999999999,
    0.69,
    0.21000000000000002,
    0.24,
    0.0,
    0.08999999999999997,
    0.24,
    0.08999999999999998,
    0.25,
    0.0,
    0.20999999999999996,
    0.0,
    6.959999999999999,
    0.24000000000000005,
    0.6399999999999999,
    0.0,
    0.0,
    0.36,
    0.20999999999999996,
    0.36,
    0.0,
    0.0,
    0.0,
    0.08999999999999998,
    0.8399999999999999,
    0.0,
    0.2899999999999999,
    0.0,
    0.0,
    0.0,
    0.25,
    0.16,
    0.2899999999999999,
    0.48999999999999994,
    2.21,
    0.08999999999999997,
    0.2,
    0.0,
    0.16,
    0.24000000000000005,
    0.0,
    0.0,
    0.41,
    0.24,
    0.16,
    0.08999999999999997,
    0.35999999999999993,
    0.43999999999999995,
    2.6900000000000004,
    0.0,
    0.2,
    0.21000000000000005,
    0.25,
    0.45,
    0.25,
    0.0,
    0.0,
    0.08999999999999998,
    0.0,
    0.08999999999999998,
    0.0,
    0.24,
    0.09,
    0.0,
    0.0,
    0.0,
    0.0,
    0.16000000000000003,
    0.08999999999999998
  ],
  "average_variance": 0.3024999999999999,
  "num_responses": 80,
  "parameters": {
    "scale": 10,
    "num_trials": 10,
    "temperature": 0.7,
    "cutoff": 80
  }
}