{
  "judge_model": "gpt-3.5-turbo",
  "temperature": 0.5,
  "individual_variances": [
    0.0,
    0.0,
    0.08999999999999997,
    0.0,
    0.0,
    0.08999999999999997,
    0.0,
    0.08999999999999998,
    0.16000000000000003,
    0.0,
    0.0,
    0.0,
    0.16000000000000003,
    0.0,
    0.24,
    0.0,
    0.0,
    0.24,
    0.08999999999999997,
    0.24,
    0.08999999999999998,
    0.43999999999999995,
    0.0,
    7.290000000000001,
    0.0,
    1.05,
    0.35999999999999993,
    0.25,
    0.41,
    0.24,
    0.20999999999999996,
    0.44000000000000006,
    0.16000000000000003,
    0.08999999999999998,
    0.8100000000000002,
    1.0899999999999999,
    0.08999999999999997,
    0.0,
    0.0,
    0.0,
    0.0,
    0.16000000000000003,
    0.08999999999999997,
    0.0,
    0.0,
    0.20999999999999996,
    0.0,
    0.08999999999999998,
    0.25,
    0.08999999999999998,
    1.44,
    0.41,
    0.09,
    0.41,
    0.08999999999999998,
    0.15999999999999998,
    0.0,
    0.12249999999999998,
    0.0,
    0.15999999999999998,
    0.0,
    0.08999999999999997,
    0.0,
    0.0,
    0.0,
    0.25,
    0.0,
    0.0,
    0.08999999999999997,
    0.0,
    0.0,
    0.0,
    0.0,
    0.0,
    0.0,
    0.0,
    0.0,
    0.0,
    0.0,
    0.0
  ],
  "average_variance": 0.23278125000000002,
  "num_responses": 80,
  "parameters": {
    "scale": 10,
    "num_trials": 10,
    "temperature": 0.5,
    "cutoff": 80
  }
}