{
  "judge_model": "gpt-4o",
  "temperature": 0.2,
  "individual_variances": [
    0.0,
    0.0,
    0.36,
    0.0,
    0.0,
    0.0,
    0.0,
    0.24000000000000005,
    0.08999999999999998,
    0.08999999999999998,
    0.16,
    0.0,
    0.0,
    0.0,
    0.25,
    0.0,
    0.0,
    0.0,
    0.0,
    0.15999999999999998,
    0.0,
    0.0,
    0.0,
    0.09,
    0.21000000000000002,
    0.0,
    3.8400000000000007,
    0.0,
    0.24,
    0.0,
    0.0,
    0.08999999999999997,
    0.0,
    0.0,
    0.0,
    0.25,
    0.0,
    0.16,
    0.0,
    0.0,
    0.0,
    0.0,
    0.0,
    0.0,
    0.0,
    0.0,
    0.0,
    0.0,
    0.0,
    0.0,
    0.44000000000000006,
    0.0,
    0.08999999999999998,
    0.76,
    0.15999999999999998,
    0.25,
    0.0,
    0.0,
    0.48999999999999994,
    0.36,
    0.0,
    0.0,
    0.20999999999999996,
    0.0,
    0.0,
    0.0,
    0.0,
    0.0,
    0.0,
    0.24,
    0.0,
    0.0,
    0.0,
    0.0,
    0.0,
    0.0,
    0.0,
    0.0,
    0.0,
    0.0
  ],
  "average_variance": 0.11537499999999998,
  "num_responses": 80,
  "parameters": {
    "scale": 10,
    "num_trials": 10,
    "temperature": 0.2,
    "cutoff": 80
  }
}