{
  "judge_model": "gpt-4o",
  "temperature": 0.4,
  "individual_variances": [
    0.0,
    0.0,
    0.0,
    0.0,
    0.0,
    0.0,
    0.0,
    0.25,
    0.25,
    0.21000000000000005,
    0.21000000000000002,
    0.48999999999999994,
    0.21000000000000002,
    0.0,
    0.0,
    0.0,
    0.0,
    0.08999999999999998,
    0.0,
    0.24,
    0.08999999999999998,
    0.09,
    0.0,
    0.96,
    1.2399999999999998,
    1.05,
    0.0,
    0.0,
    0.16,
    0.09,
    0.09,
    0.0,
    0.0,
    0.0,
    0.0,
    0.41,
    0.0,
    0.4,
    0.0,
    0.0,
    0.0,
    0.21000000000000002,
    0.09,
    0.16000000000000003,
    0.2,
    0.29000000000000015,
    0.20999999999999996,
    0.24,
    0.08999999999999997,
    0.08999999999999998,
    0.0,
    0.0,
    0.0,
    0.0,
    0.08999999999999998,
    0.0,
    0.09,
    0.16,
    0.2899999999999999,
    0.41,
    0.0,
    0.0,
    0.0,
    0.16000000000000003,
    0.24,
    0.16000000000000003,
    0.0,
    0.0,
    0.0,
    0.0,
    0.0,
    0.0,
    0.08999999999999997,
    0.0,
    0.0,
    0.0,
    0.0,
    0.0,
    0.0,
    0.0
  ],
  "average_variance": 0.12250000000000001,
  "num_responses": 80,
  "parameters": {
    "scale": 10,
    "num_trials": 10,
    "temperature": 0.4,
    "cutoff": 80
  }
}