{
  "judge_model": "gpt-3.5-turbo",
  "temperature": 0.7,
  "individual_variances": [
    0.0,
    0.0,
    0.0,
    0.24,
    0.24,
    0.25,
    0.0,
    0.16000000000000003,
    0.20999999999999996,
    0.0,
    0.0,
    0.0,
    0.21000000000000002,
    0.0,
    0.16000000000000006,
    0.08999999999999997,
    0.0,
    0.25,
    0.0,
    0.08999999999999998,
    0.08999999999999997,
    0.44000000000000006,
    0.09,
    7.290000000000001,
    0.36,
    0.7600000000000002,
    0.36,
    0.24,
    0.65,
    0.09,
    0.24,
    0.9600000000000002,
    0.6100000000000002,
    0.2899999999999999,
    0.4,
    0.8,
    0.20999999999999996,
    0.09,
    0.0,
    0.0,
    0.0,
    0.24000000000000005,
    0.0,
    0.24000000000000005,
    0.0,
    0.25,
    0.25,
    0.16000000000000003,
    0.21000000000000002,
    0.0,
    2.3600000000000003,
    0.36,
    0.15999999999999998,
    0.24,
    0.08999999999999997,
    0.2899999999999999,
    0.21000000000000002,
    0.04,
    0.25,
    0.21000000000000002,
    0.0,
    0.0,
    0.0,
    0.0,
    0.0,
    0.08999999999999998,
    0.0,
    0.0,
    0.25,
    0.0,
    0.0,
    0.09,
    0.0,
    0.0,
    0.0,
    0.0,
    0.0,
    0.0,
    0.0,
    0.0
  ],
  "average_variance": 0.27324999999999994,
  "num_responses": 80,
  "parameters": {
    "scale": 10,
    "num_trials": 10,
    "temperature": 0.7,
    "cutoff": 80
  }
}