{
  "judge_model": "gpt-4o",
  "temperature": 0.3,
  "individual_variances": [
    0.0,
    0.0,
    0.0,
    0.0,
    0.0,
    0.0,
    0.0,
    0.0,
    0.0,
    0.0,
    0.15999999999999998,
    0.24,
    0.15999999999999998,
    0.0,
    0.24,
    0.0,
    0.0,
    0.16000000000000003,
    0.0,
    0.24000000000000005,
    0.0,
    0.09,
    0.0,
    8.760000000000002,
    0.44000000000000006,
    0.8400000000000001,
    0.0,
    0.0,
    0.0,
    0.24000000000000005,
    0.0,
    0.0,
    0.0,
    0.0,
    0.0,
    0.2,
    0.0,
    0.16000000000000003,
    0.0,
    0.0,
    0.0,
    0.25,
    0.0,
    0.16000000000000003,
    0.0,
    0.24000000000000005,
    0.0,
    0.0,
    0.0,
    0.24000000000000005,
    0.08999999999999997,
    0.0,
    0.0,
    0.0,
    0.0,
    0.0,
    0.0,
    0.24,
    0.15999999999999998,
    0.85,
    0.0,
    0.0,
    0.20999999999999996,
    0.21000000000000002,
    0.20999999999999996,
    0.21000000000000005,
    0.0,
    0.0,
    0.0,
    0.0,
    0.0,
    0.0,
    0.08999999999999998,
    0.0,
    0.0,
    0.0,
    0.0,
    0.0,
    0.0,
    0.0
  ],
  "average_variance": 0.18862500000000004,
  "num_responses": 80,
  "parameters": {
    "scale": 10,
    "num_trials": 10,
    "temperature": 0.3,
    "cutoff": 80
  }
}