{
  "judge_model": "gpt-3.5-turbo",
  "temperature": 0.4,
  "individual_variances": [
    0.0,
    0.0,
    0.0,
    0.0,
    0.0,
    0.0,
    0.0,
    0.0,
    0.08999999999999998,
    0.0,
    0.0,
    0.0,
    0.21000000000000002,
    0.0,
    0.0,
    0.0,
    0.0,
    0.16000000000000003,
    0.0,
    0.08999999999999998,
    0.0,
    0.41000000000000003,
    0.0,
    0.0,
    0.09,
    0.41,
    0.0,
    0.24,
    0.24000000000000005,
    0.24000000000000005,
    0.25,
    0.09,
    0.21000000000000002,
    0.0,
    0.24,
    1.45,
    0.0,
    0.09,
    0.0,
    0.0,
    0.0,
    0.16,
    0.0,
    0.0,
    0.0,
    0.08999999999999998,
    0.24,
    0.0,
    0.25,
    0.15999999999999998,
    2.290000000000001,
    0.25,
    0.24,
    0.16000000000000003,
    0.0,
    0.24,
    0.15999999999999998,
    0.05,
    0.09,
    0.1600000000000001,
    0.0,
    0.0,
    0.0,
    0.0,
    0.0,
    0.16000000000000003,
    0.0,
    0.0,
    0.16000000000000006,
    0.0,
    0.0,
    0.0,
    0.0,
    0.0,
    0.0,
    0.0,
    0.0,
    0.0,
    0.0,
    0.0
  ],
  "average_variance": 0.11712500000000003,
  "num_responses": 80,
  "parameters": {
    "scale": 10,
    "num_trials": 10,
    "temperature": 0.4,
    "cutoff": 80
  }
}