{
  "judge_model": "gpt-4o",
  "temperature": 0.6,
  "individual_variances": [
    0.0,
    0.0,
    0.0,
    0.24000000000000005,
    0.0,
    0.09,
    0.0,
    0.24000000000000005,
    0.16000000000000003,
    0.24,
    0.36,
    1.01,
    0.76,
    0.0,
    0.08999999999999998,
    0.0,
    0.09,
    0.16000000000000003,
    0.0,
    0.48999999999999994,
    0.0,
    0.41,
    0.08999999999999997,
    8.440000000000001,
    1.41,
    4.09,
    0.0,
    0.0,
    0.21000000000000005,
    0.24,
    0.08999999999999998,
    0.0,
    0.0,
    0.0,
    0.09,
    1.2,
    0.0,
    0.2899999999999999,
    0.0,
    0.0,
    0.08999999999999997,
    0.25,
    0.16000000000000006,
    0.08999999999999998,
    0.48999999999999994,
    0.69,
    0.16000000000000003,
    0.6,
    0.0,
    0.24,
    0.15999999999999998,
    0.0,
    0.08999999999999998,
    0.16000000000000003,
    0.44000000000000006,
    0.0,
    0.0,
    0.24000000000000005,
    0.41,
    0.24000000000000005,
    0.0,
    0.15999999999999998,
    0.09,
    0.24000000000000005,
    0.25,
    0.20999999999999996,
    0.0,
    0.08999999999999998,
    0.0,
    0.0,
    0.09,
    0.0,
    0.20999999999999996,
    0.0,
    0.0,
    0.0,
    0.0,
    0.0,
    0.0,
    0.0
  ],
  "average_variance": 0.32924999999999993,
  "num_responses": 80,
  "parameters": {
    "scale": 10,
    "num_trials": 10,
    "temperature": 0.6,
    "cutoff": 80
  }
}