{
  "experiment": "3e",
  "description": "Testing model size vs judgment variance across temperatures",
  "parameters": {
    "scale": 10,
    "num_trials": 10,
    "cutoff": 80
  },
  "results": {
    "0.3": {
      "gpt-3.5-turbo": {
        "individual_variances": [
          0.0,
          0.0,
          0.0,
          0.0,
          0.0,
          0.08999999999999998,
          0.0,
          0.0,
          0.0,
          0.0,
          0.0,
          0.0,
          0.1600000000000001,
          0.0,
          0.21000000000000005,
          0.0,
          0.0,
          0.0,
          0.0,
          0.0,
          0.0,
          0.45,
          0.0,
          19.44,
          0.0,
          1.0,
          0.0,
          0.16000000000000003,
          0.15999999999999998,
          0.21000000000000002,
          0.08999999999999998,
          0.08999999999999998,
          0.24000000000000005,
          0.24000000000000005,
          0.24000000000000005,
          1.09,
          0.0,
          0.0,
          0.0,
          0.0,
          0.0,
          0.20999999999999996,
          0.0,
          0.0,
          0.0,
          0.21000000000000002,
          0.0,
          0.0,
          0.24000000000000005,
          0.0,
          0.4899999999999999,
          0.4,
          0.0,
          0.25,
          0.0,
          0.21000000000000002,
          0.08999999999999998,
          0.022499999999999992,
          0.16,
          0.16000000000000003,
          0.0,
          0.25,
          0.0,
          0.0,
          0.0,
          0.0,
          0.0,
          0.0,
          0.0,
          0.0,
          0.0,
          0.0,
          0.0,
          0.0,
          0.0,
          0.0,
          0.0,
          0.0,
          0.0,
          0.0
        ],
        "average_variance": 0.33203124999999994,
        "num_responses": 80
      },
      "gpt-4o-mini": {
        "individual_variances": [
          0.0,
          0.0,
          0.0,
          0.0,
          0.0,
          0.0,
          0.0,
          0.0,
          0.21000000000000005,
          0.0,
          0.0,
          0.2,
          0.09,
          0.0,
          0.25,
          0.16000000000000006,
          0.0,
          0.08999999999999998,
          0.0,
          0.21000000000000002,
          0.0,
          0.25,
          0.0,
          0.0,
          0.0,
          0.0,
          0.0,
          0.24,
          0.0,
          0.0,
          0.0,
          0.0,
          0.21000000000000005,
          0.09,
          0.21000000000000002,
          0.21000000000000002,
          0.0,
          0.0,
          0.0,
          0.15999999999999998,
          0.0,
          0.0,
          0.0,
          0.48999999999999994,
          0.0,
          0.29,
          0.0,
          0.0,
          0.0,
          0.0,
          0.0,
          0.0,
          0.0,
          0.0,
          0.0,
          0.21000000000000005,
          0.0,
          0.24,
          0.16,
          0.24000000000000005,
          0.0,
          0.0,
          0.0,
          0.0,
          0.0,
          0.0,
          0.0,
          0.0,
          0.0,
          0.0,
          0.0,
          0.0,
          0.0,
          0.0,
          0.0,
          0.0,
          0.0,
          0.0
        ],
        "average_variance": 0.053974358974358976,
        "num_responses": 78
      },
      "gpt-4o": {
        "individual_variances": [
          0.0,
          0.0,
          0.0,
          0.0,
          0.0,
          0.0,
          0.0,
          0.24000000000000005,
          0.25,
          0.0,
          0.15999999999999998,
          0.25,
          0.08999999999999998,
          0.0,
          0.25,
          0.0,
          0.0,
          0.0,
          0.0,
          0.15999999999999998,
          0.0,
          0.08999999999999998,
          0.08999999999999997,
          0.45,
          1.0899999999999999,
          0.0,
          0.0,
          0.0,
          0.21000000000000002,
          0.25,
          0.0,
          0.0,
          0.0,
          0.0,
          0.0,
          0.36,
          0.0,
          0.4,
          0.0,
          0.0,
          0.0,
          0.16000000000000003,
          0.08999999999999998,
          0.16000000000000006,
          0.09,
          0.44000000000000006,
          0.0,
          0.09,
          0.0,
          0.0,
          0.0,
          0.0,
          0.0,
          0.0,
          0.1600000000000001,
          0.0,
          0.0,
          0.41,
          0.09,
          0.08999999999999997,
          0.0,
          0.0,
          0.0,
          0.20999999999999996,
          0.21000000000000002,
          0.21000000000000002,
          0.0,
          0.0,
          0.0,
          0.0,
          0.0,
          0.0,
          0.0,
          0.0,
          0.0,
          0.0,
          0.0,
          0.0,
          0.16,
          0.08999999999999997
        ],
        "average_variance": 0.0875,
        "num_responses": 80
      }
    },
    "0.5": {
      "gpt-3.5-turbo": {
        "individual_variances": [
          0.0,
          0.0,
          0.0,
          0.08999999999999997,
          0.0,
          0.16000000000000003,
          0.0,
          0.0,
          0.08999999999999997,
          0.0,
          0.0,
          0.0,
          0.1600000000000001,
          0.0,
          0.16,
          0.0,
          0.0,
          0.1600000000000001,
          0.0,
          0.0,
          0.0,
          0.43999999999999984,
          0.09,
          12.959999999999999,
          0.0,
          1.0899999999999999,
          0.0,
          0.24,
          0.36,
          0.25,
          0.08999999999999997,
          0.7600000000000001,
          0.24,
          0.24000000000000005,
          0.41,
          1.2,
          0.09,
          0.16,
          0.0,
          0.0,
          0.0,
          0.25,
          0.0,
          0.0,
          0.0,
          0.25,
          0.0,
          0.0,
          0.25,
          0.0,
          1.9600000000000002,
          0.21000000000000005,
          0.24,
          0.25,
          0.21000000000000002,
          0.24000000000000005,
          0.08999999999999998,
          0.02249999999999999,
          0.16000000000000003,
          0.24,
          0.0,
          0.21000000000000002,
          0.0,
          0.0,
          0.0,
          0.08999999999999997,
          0.0,
          0.0,
          0.09,
          0.0,
          0.08999999999999998,
          0.08999999999999997,
          0.0,
          0.0,
          0.0,
          0.0,
          0.0,
          0.0,
          0.0,
          0.0
        ],
        "average_variance": 0.30478124999999995,
        "num_responses": 80
      },