{
  "experiment": "3e",
  "description": "Testing model size vs judgment variance across temperatures",
  "parameters": {
    "scale": 10,
    "num_trials": 10,
    "cutoff": 80
  },
  "results": {
    "0.3": {
      "gpt-3.5-turbo": {
        "individual_variances": [
          0.0,
          0.0,
          0.0,
          0.0,
          0.0,
          0.0,
          0.0,
          0.0,
          0.08999999999999998,
          0.0,
          0.0,
          0.0,
          0.24000000000000005,
          0.0,
          0.21000000000000002,
          0.0,
          0.0,
          0.15999999999999998,
          0.0,
          0.0,
          0.0,
          0.4,
          0.0,
          7.290000000000001,
          0.0,
          0.35999999999999993,
          0.0,
          0.24,
          0.24,
          0.09,
          0.15999999999999998,
          0.0,
          0.25,
          0.0,
          0.09,
          0.65,
          0.0,
          0.0,
          0.0,
          0.0,
          0.0,
          0.21000000000000002,
          0.0,
          0.0,
          0.0,
          0.24000000000000005,
          0.24000000000000005,
          0.09,
          0.08999999999999998,
          0.08999999999999998,
          0.15999999999999998,
          0.24,
          0.0,
          0.4,
          0.16000000000000003,
          0.09,
          0.0,
          0.022499999999999996,
          0.08999999999999998,
          0.0,
          0.0,
          0.08999999999999998,
          0.0,
          0.0,
          0.0,
          0.0,
          0.0,
          0.0,
          0.0,
          0.0,
          0.0,
          0.0,
          0.0,
          0.0,
          0.0,
          0.0,
          0.0,
          0.0,
          0.0,
          0.0
        ],
        "average_variance": 0.15853125000000004,
        "num_responses": 80
      },
      "gpt-4o-mini": {
        "individual_variances": [
          0.0,
          0.0,
          0.0,
          0.0,
          0.0,
          0.0,
          0.0,
          0.0,
          0.24,
          0.0,
          0.24000000000000005,
          0.0,
          0.0,
          0.0,
          0.15999999999999998,
          0.08999999999999998,
          0.0,
          0.0,
          0.0,
          0.0,
          0.0,
          0.44000000000000006,
          0.0,
          0.0,
          0.08999999999999998,
          0.16000000000000006,
          0.0,
          0.0,
          0.0,
          0.0,
          0.08999999999999997,
          0.0,
          0.25,
          0.0,
          0.0,
          0.08999999999999998,
          0.0,
          0.24000000000000005,
          0.0,
          0.16,
          0.08999999999999998,
          0.0,
          0.0,
          0.09,
          0.0,
          0.8099999999999999,
          0.08999999999999998,
          0.0,
          0.0,
          0.16000000000000003,
          0.0,
          0.0,
          0.0,
          0.0,
          0.0,
          0.09,
          0.0,
          0.09,
          0.25,
          0.15999999999999998,
          0.0,
          0.0,
          0.0,
          0.0,
          0.0,
          0.0,
          0.0,
          0.0,
          0.0,
          0.0,
          0.0,
          0.0,
          0.15999999999999998,
          0.0,
          0.0,
          0.0,
          0.0,
          0.0,
          0.0,
          0.0
        ],
        "average_variance": 0.053000000000000005,
        "num_responses": 80
      },
      "gpt-4o": {
        "individual_variances": [
          0.0,
          0.0,
          0.0,
          0.0,
          0.0,
          0.0,
          0.0,
          0.08999999999999998,
          0.0,
          0.0,
          0.24,
          0.61,
          0.15999999999999998,
          0.0,
          0.21000000000000005,
          0.0,
          0.0,
          0.0,
          0.0,
          0.0,
          0.0,
          0.21000000000000002,
          0.0,
          1.6900000000000002,
          0.4400000000000001,
          5.61,
          0.0,
          0.0,
          0.4,
          0.24,
          0.0,
          0.0,
          0.0,
          0.0,
          0.0,
          0.6399999999999999,
          0.0,
          0.36,
          0.0,
          0.0,
          0.0,
          0.24,
          0.16000000000000003,
          0.0,
          0.09,
          0.8899999999999999,
          0.09,
          0.0,
          0.0,
          0.0,
          0.0,
          0.0,
          0.0,
          0.0,
          0.25,
          0.0,
          0.0,
          0.16,
          0.36,
          1.4899999999999998,
          0.0,
          0.0,
          0.09,
          0.0,
          0.25,
          0.16000000000000003,
          0.0,
          0.0,
          0.0,
          0.0,
          0.0,
          0.0,
          0.08999999999999998,
          0.0,
          0.0,
          0.0,
          0.0,
          0.0,
          0.09,
          0.0
        ],
        "average_variance": 0.19137500000000002,
        "num_responses": 80
      }
    },
    "0.5": {
      "gpt-3.5-turbo": {
        "individual_variances": [
          0.0,
          0.0,
          0.0,
          0.15999999999999998,
          0.0,
          0.0,
          0.0,
          0.0,
          0.24,
          0.0,
          0.0,
          0.0,
          0.0,
          0.0,
          0.20999999999999996,
          0.0,
          0.0,
          0.08999999999999997,
          0.0,
          0.16000000000000006,
          0.0,
          0.08999999999999998,
          0.0,
          7.290000000000002,
          0.0,
          0.43999999999999995,
          0.0,
          0.21000000000000002,
          0.29,
          0.25,
          0.25,
          0.41,
          0.24,
          0.2,
          0.24,
          0.8899999999999999,
          0.0,
          0.0,
          0.0,
          0.0,
          0.0,
          0.24000000000000005,
          0.0,
          0.16000000000000003,
          0.0,
          0.24,
          0.08999999999999997,
          0.16,
          0.09,
          0.24,
          0.21000000000000002,
          0.65,
          0.0,
          0.48999999999999994,
          0.16,
          0.21000000000000002,
          0.16,
          0.06,
          0.08999999999999997,
          0.1600000000000001,
          0.0,
          0.21000000000000002,
          0.0,
          0.0,
          0.0,
          0.0,
          0.0,
          0.0,
          0.24,
          0.0,
          0.0,
          0.0,
          0.0,
          0.0,
          0.0,
          0.0,
          0.0,
          0.0,
          0.0,
          0.0
        ],
        "average_variance": 0.1940000000000001,
        "num_responses": 80
      },