{
  "judge_model": "gpt-4o",
  "temperature": 1.0,
  "individual_variances": [
    0.08999999999999997,
    0.21000000000000002,
    0.0,
    0.15999999999999998,
    0.0,
    0.1600000000000001,
    0.21000000000000002,
    0.25,
    0.25,
    0.15999999999999998,
    0.4,
    1.6099999999999999,
    1.04,
    0.21000000000000005,
    0.43999999999999995,
    0.4,
    0.08999999999999998,
    0.45,
    0.16,
    0.36,
    0.0,
    0.16,
    0.0,
    11.65,
    1.01,
    6.2,
    0.0,
    0.0,
    0.4,
    0.24,
    0.16000000000000003,
    0.0,
    0.08999999999999997,
    0.20999999999999996,
    0.09,
    1.01,
    0.16000000000000003,
    0.6,
    0.0,
    0.08999999999999997,
    0.0,
    0.21000000000000002,
    0.1600000000000001,
    0.24000000000000005,
    0.41000000000000003,
    1.2399999999999998,
    0.16,
    0.29,
    0.0,
    0.1600000000000001,
    0.16,
    0.0,
    0.0,
    0.1600000000000001,
    0.61,
    1.5599999999999996,
    0.20999999999999996,
    0.41000000000000003,
    0.2899999999999999,
    4.96,
    0.2899999999999999,
    0.2899999999999999,
    0.08999999999999998,
    0.25,
    0.41,
    0.09,
    0.0,
    0.0,
    0.0,
    0.08999999999999998,
    0.09,
    0.0,
    0.24000000000000005,
    0.08999999999999998,
    0.2,
    0.24,
    0.0,
    0.2,
    0.1600000000000001,
    0.09
  ],
  "average_variance": 0.5346250000000003,
  "num_responses": 80,
  "parameters": {
    "scale": 10,
    "num_trials": 10,
    "temperature": 1.0,
    "cutoff": 80
  }
}