{
  "judge_model": "gpt-4o-mini",
  "temperature": 0.2,
  "individual_variances": [
    0.0,
    0.0,
    0.0,
    0.0,
    0.0,
    0.0,
    0.0,
    0.0,
    0.24,
    0.0,
    0.0,
    0.0,
    0.0,
    0.0,
    0.08999999999999998,
    0.24,
    0.0,
    0.0,
    0.0,
    0.0,
    0.0,
    0.65,
    0.0,
    0.0,
    0.08999999999999998,
    0.09,
    0.0,
    0.0,
    0.0,
    0.0
  ],
  "average_variance": 0.04666666666666667,
  "num_responses": 30,
  "parameters": {
    "scale": 10,
    "num_trials": 10,
    "temperature": 0.2,
    "cutoff": 30
  }
}