{
  "judge_model": "gpt-4o",
  "temperature": 0.4,
  "individual_variances": [
    0.0,
    0.0,
    0.0,
    0.0,
    0.0,
    0.08999999999999997,
    0.0,
    0.25,
    0.21000000000000002,
    0.08999999999999997,
    0.09,
    0.45,
    0.24,
    0.0,
    0.21000000000000002,
    0.0,
    0.0,
    0.21000000000000005,
    0.0,
    0.21000000000000002,
    0.0,
    0.20999999999999996,
    0.08999999999999998,
    2.6900000000000004,
    1.64,
    0.0,
    0.0,
    0.0,
    0.2899999999999999,
    0.21000000000000002
  ],
  "average_variance": 0.23933333333333331,
  "num_responses": 30,
  "parameters": {
    "scale": 10,
    "num_trials": 10,
    "temperature": 0.4,
    "cutoff": 30
  }
}