{
  "judge_model": "gpt-4o-mini",
  "temperature": 0.9,
  "individual_variances": [
    0.0,
    0.0,
    0.0,
    0.08999999999999997,
    0.0,
    0.16000000000000003,
    0.0,
    0.09,
    0.16000000000000003,
    0.0,
    0.08999999999999998,
    0.24,
    0.15999999999999998,
    0.0,
    0.15999999999999998,
    0.24,
    0.0,
    0.20999999999999996,
    0.08999999999999997,
    0.45,
    0.0,
    0.41,
    0.0,
    0.40999999999999986,
    0.4,
    0.41,
    0.0,
    0.24000000000000005,
    0.0,
    0.0
  ],
  "average_variance": 0.13366666666666666,
  "num_responses": 30,
  "parameters": {
    "scale": 10,
    "num_trials": 10,
    "temperature": 0.9,
    "cutoff": 30
  }
}