{
  "judge_model": "gpt-3.5-turbo",
  "temperature": 1.0,
  "individual_variances": [
    0.0,
    0.0,
    0.08999999999999998,
    0.21000000000000005,
    0.08999999999999998,
    0.08999999999999998,
    0.0,
    0.15999999999999998,
    0.24,
    0.08999999999999998,
    0.0,
    0.0,
    0.20999999999999996,
    0.0,
    0.45,
    0.0,
    0.0,
    0.25,
    0.08999999999999998,
    0.08999999999999998,
    0.41,
    0.43999999999999984,
    0.21000000000000005,
    12.69,
    0.6,
    4.359999999999999,
    0.65,
    0.24000000000000005,
    0.6,
    0.43999999999999995,
    2.2,
    0.41,
    1.2,
    0.21000000000000002,
    0.48999999999999994,
    3.44,
    0.45,
    0.16,
    0.0,
    0.0,
    0.09,
    0.24,
    0.09,
    0.16,
    0.08999999999999998,
    0.43999999999999995,
    0.21000000000000002,
    0.09,
    0.24,
    0.24000000000000005,
    3.8,
    0.6399999999999999,
    0.15999999999999998,
    1.0,
    0.09,
    0.41,
    0.21000000000000002,
    0.30249999999999994,
    0.48999999999999994,
    0.24,
    0.0,
    0.24000000000000005,
    0.08999999999999998,
    0.08999999999999998,
    0.0,
    0.0,
    0.0,
    0.0,
    0.09,
    0.0,
    0.08999999999999998,
    0.08999999999999997,
    0.0,
    0.0,
    0.0,
    0.0,
    0.0,
    0.15999999999999998,
    0.0,
    0.0
  ],
  "average_variance": 0.5167812500000003,
  "num_responses": 80,
  "parameters": {
    "scale": 10,
    "num_trials": 10,
    "temperature": 1.0,
    "cutoff": 80
  }
}