{
  "judge_model": "gpt-4o-mini",
  "temperature": 0.9,
  "individual_variances": [
    0.08999999999999998,
    0.0,
    0.24,
    0.0,
    0.0,
    0.0,
    0.0,
    0.15999999999999998,
    0.0,
    0.25
  ],
  "average_variance": 0.074,
  "num_responses": 10,
  "parameters": {
    "scale": 10,
    "num_trials": 10,
    "temperature": 0.9,
    "cutoff": 10
  }
}