{
  "judge_model": "gpt-4o-mini",
  "temperature": 0.4,
  "individual_variances": [
    0.0,
    0.0,
    0.0,
    0.0,
    0.0,
    0.0,
    0.0,
    0.0,
    0.21000000000000002,
    0.0,
    0.08999999999999998,
    0.15999999999999998,
    0.08999999999999998,
    0.0,
    0.15999999999999998,
    0.08999999999999998,
    0.0,
    0.09,
    0.0,
    0.25,
    0.0,
    0.41,
    0.0,
    0.0,
    0.08999999999999998,
    0.21000000000000002,
    0.0,
    0.24,
    0.0,
    0.09
  ],
  "average_variance": 0.07266666666666666,
  "num_responses": 30,
  "parameters": {
    "scale": 10,
    "num_trials": 10,
    "temperature": 0.4,
    "cutoff": 30
  }
}