{
  "judge_model": "gpt-4o-mini",
  "temperature": 0.6,
  "individual_variances": [
    0.0,
    0.0,
    0.0,
    0.0,
    0.0,
    0.0,
    0.0,
    0.0,
    0.15999999999999998,
    0.0,
    0.08999999999999998,
    0.21000000000000002,
    0.21000000000000002,
    0.0,
    0.21000000000000002,
    0.24,
    0.0,
    0.16,
    0.0,
    0.21000000000000002,
    0.0,
    0.36,
    0.08999999999999998,
    0.0,
    0.0,
    0.0,
    0.0,
    0.24000000000000005,
    0.08999999999999998,
    0.0
  ],
  "average_variance": 0.07566666666666665,
  "num_responses": 30,
  "parameters": {
    "scale": 10,
    "num_trials": 10,
    "temperature": 0.6,
    "cutoff": 30
  }
}