{
  "judge_model": "gpt-4o",
  "temperature": 0.8,
  "individual_variances": [
    0.0,
    0.08999999999999998,
    0.0,
    0.16000000000000003,
    0.08999999999999997,
    0.21000000000000002,
    0.16000000000000006,
    0.21000000000000002,
    0.24,
    0.09,
    0.41,
    0.65,
    0.64,
    0.0,
    0.25,
    0.0,
    0.0,
    0.16000000000000003,
    0.08999999999999997,
    0.15999999999999998,
    0.0,
    0.8899999999999999,
    0.24,
    10.24,
    1.4,
    6.44,
    0.08999999999999997,
    0.0,
    0.20999999999999996,
    0.2
  ],
  "average_variance": 0.7773333333333333,
  "num_responses": 30,
  "parameters": {
    "scale": 10,
    "num_trials": 10,
    "temperature": 0.8,
    "cutoff": 30
  }
}