{
  "judge_model": "gpt-4o",
  "temperature": 0.2,
  "individual_variances": [
    0.0,
    0.0,
    0.0,
    0.0,
    0.0,
    0.0,
    0.0,
    0.0,
    0.25,
    0.1600000000000001,
    0.21000000000000002,
    0.41,
    0.0,
    0.0,
    0.21000000000000002,
    0.0,
    0.0,
    0.0,
    0.0,
    0.25,
    0.0,
    0.0,
    0.0,
    3.09,
    0.48999999999999994,
    0.0,
    0.0,
    0.0,
    0.16000000000000003,
    0.0
  ],
  "average_variance": 0.17433333333333334,
  "num_responses": 30,
  "parameters": {
    "scale": 10,
    "num_trials": 10,
    "temperature": 0.2,
    "cutoff": 30
  }
}