{
  "judge_model": "gpt-3.5-turbo",
  "temperature": 0.9,
  "individual_variances": [
    0.0,
    0.24,
    0.24000000000000005,
    0.24,
    0.08999999999999998,
    0.0,
    0.0,
    0.0,
    0.24000000000000005,
    0.76
  ],
  "average_variance": 0.181,
  "num_responses": 10,
  "parameters": {
    "scale": 10,
    "num_trials": 10,
    "temperature": 0.9,
    "cutoff": 10
  }
}