{
  "judge_model": "gpt-3.5-turbo",
  "temperature": 0.8,
  "individual_variances": [
    0.0,
    0.16,
    0.24000000000000005,
    0.21000000000000002,
    0.0,
    0.0,
    0.0,
    0.08999999999999997,
    0.15999999999999998,
    0.4
  ],
  "average_variance": 0.12600000000000003,
  "num_responses": 10,
  "parameters": {
    "scale": 10,
    "num_trials": 10,
    "temperature": 0.8,
    "cutoff": 10
  }
}