{
  "judge_model": "gpt-3.5-turbo",
  "temperature": 0.7,
  "individual_variances": [
    0.0,
    0.0,
    0.0,
    0.0,
    0.08999999999999998,
    0.20999999999999996,
    0.0,
    0.0,
    0.16000000000000003,
    0.0,
    0.0,
    0.09,
    0.24000000000000005,
    0.0,
    0.20999999999999996,
    0.0,
    0.0,
    0.16,
    0.0,
    0.0,
    0.0,
    0.41,
    0.15999999999999998,
    17.009999999999998,
    0.21000000000000005,
    2.44,
    0.0,
    0.2899999999999999,
    0.36,
    0.1600000000000001
  ],
  "average_variance": 0.74,
  "num_responses": 30,
  "parameters": {
    "scale": 10,
    "num_trials": 10,
    "temperature": 0.7,
    "cutoff": 30
  }
}