{
  "judge_model": "gpt-4o",
  "temperature": 0.5,
  "individual_variances": [
    0.0,
    0.0,
    0.0,
    0.0,
    0.0,
    0.08999999999999997,
    0.0,
    0.21000000000000002,
    0.09,
    0.16000000000000003,
    0.45,
    0.24,
    0.6399999999999999,
    0.0,
    0.24,
    0.0,
    0.09,
    0.09,
    0.1600000000000001,
    0.21000000000000002,
    0.0,
    0.29000000000000004,
    0.16,
    5.6899999999999995,
    2.04,
    1.01,
    0.0,
    0.0,
    0.36,
    0.21000000000000005,
    0.0,
    0.0,
    0.0,
    0.0,
    0.0,
    1.1600000000000001,
    0.0,
    0.44000000000000006,
    0.0,
    0.0,
    0.0,
    0.25,
    0.24,
    0.1600000000000001,
    0.15999999999999998,
    0.45,
    0.09,
    0.25,
    0.16000000000000003,
    0.16000000000000003,
    0.0,
    0.0,
    0.0,
    0.09,
    0.21000000000000002,
    0.0,
    0.0,
    0.21000000000000002,
    0.21000000000000002,
    0.36,
    0.0,
    0.0,
    0.09,
    0.16,
    0.21000000000000002,
    0.21000000000000002,
    0.0,
    0.0,
    0.0,
    0.0,
    0.0,
    0.0,
    0.08999999999999998,
    0.0,
    0.0,
    0.0,
    0.09,
    0.0,
    0.0,
    0.0
  ],
  "average_variance": 0.22350000000000003,
  "num_responses": 80,
  "parameters": {
    "scale": 10,
    "num_trials": 10,
    "temperature": 0.5,
    "cutoff": 80
  }
}