{
  "judge_model": "gpt-4o",
  "temperature": 0.7,
  "individual_variances": [
    0.16,
    0.0,
    1.09,
    0.21000000000000002,
    0.15999999999999998,
    0.0,
    0.09,
    0.24000000000000005,
    0.24000000000000005,
    0.44000000000000006
  ],
  "average_variance": 0.263,
  "num_responses": 10,
  "parameters": {
    "scale": 10,
    "num_trials": 10,
    "temperature": 0.7,
    "cutoff": 10
  }
}