{
  "judge_model": "gpt-4o",
  "temperature": 0.8,
  "individual_variances": [
    0.15999999999999998,
    0.0,
    0.15999999999999998,
    0.24,
    0.08999999999999998,
    0.0,
    0.0,
    0.16000000000000003,
    0.21000000000000002,
    0.24
  ],
  "average_variance": 0.126,
  "num_responses": 10,
  "parameters": {
    "scale": 10,
    "num_trials": 10,
    "temperature": 0.8,
    "cutoff": 10
  }
}