{
  "judge_model": "gpt-3.5-turbo",
  "temperature": 0.4,
  "individual_variances": [
    0.0,
    0.0,
    0.0,
    0.0,
    0.08999999999999997,
    0.1600000000000001,
    0.0,
    0.0,
    0.0,
    0.0,
    0.0,
    0.0,
    0.24,
    0.0,
    0.16,
    0.0,
    0.0,
    0.16000000000000003,
    0.0,
    0.0,
    0.0,
    0.36,
    0.0,
    19.44,
    0.0,
    0.8399999999999999,
    0.0,
    0.09,
    0.16000000000000003,
    0.08999999999999997
  ],
  "average_variance": 0.7263333333333333,
  "num_responses": 30,
  "parameters": {
    "scale": 10,
    "num_trials": 10,
    "temperature": 0.4,
    "cutoff": 30
  }
}