{
  "judge_model": "gpt-4o",
  "temperature": 0.9,
  "individual_variances": [
    0.0,
    0.0,
    0.0,
    0.09,
    0.0,
    0.21000000000000002,
    0.0,
    0.25,
    0.21000000000000002,
    0.24,
    0.24,
    0.8400000000000001,
    0.9600000000000002,
    0.0,
    0.25,
    0.08999999999999997,
    0.16000000000000006,
    0.24000000000000005,
    0.0,
    0.48999999999999994,
    0.0,
    0.2899999999999999,
    0.24,
    6.24,
    2.5599999999999996,
    13.560000000000002,
    0.0,
    0.0,
    0.6100000000000001,
    0.20999999999999996
  ],
  "average_variance": 0.9326666666666668,
  "num_responses": 30,
  "parameters": {
    "scale": 10,
    "num_trials": 10,
    "temperature": 0.9,
    "cutoff": 30
  }
}