{
  "judge_model": "gpt-4o",
  "temperature": 0.5,
  "individual_variances": [
    0.0,
    0.09,
    0.0,
    0.16,
    0.0,
    0.0,
    0.08999999999999997,
    0.24000000000000005,
    0.15999999999999998,
    0.0,
    0.4,
    1.05,
    0.2899999999999999,
    0.0,
    0.21000000000000002,
    0.0,
    0.0,
    0.15999999999999998,
    0.21000000000000002,
    0.0,
    0.0,
    0.15999999999999998,
    0.0,
    4.61,
    0.65,
    6.890000000000001,
    0.0,
    0.0,
    0.48999999999999994,
    0.24000000000000005,
    0.0,
    0.0,
    0.0,
    0.0,
    0.0,
    0.76,
    0.0,
    0.4,
    0.0,
    0.0,
    0.0,
    0.21000000000000002,
    0.08999999999999997,
    0.20999999999999996,
    0.29000000000000004,
    0.21000000000000002,
    0.16,
    0.08999999999999998,
    0.0,
    0.1600000000000001,
    0.21000000000000002,
    0.0,
    0.0,
    0.0,
    0.15999999999999998,
    0.0,
    0.09,
    0.24,
    0.21000000000000002,
    1.01,
    0.0,
    0.20999999999999996,
    0.16000000000000003,
    0.21000000000000002,
    0.41000000000000003,
    0.21000000000000005,
    0.0,
    0.0,
    0.0,
    0.08999999999999998,
    0.09,
    0.0,
    0.08999999999999997,
    0.08999999999999997,
    0.0,
    0.0,
    0.0,
    0.0,
    0.16,
    0.09
  ],
  "average_variance": 0.28012500000000007,
  "num_responses": 80,
  "parameters": {
    "scale": 10,
    "num_trials": 10,
    "temperature": 0.5,
    "cutoff": 80
  }
}