{
  "judge_model": "gpt-3.5-turbo",
  "temperature": 0.5,
  "individual_variances": [
    0.0,
    0.0,
    0.0,
    0.08999999999999997,
    0.0,
    0.16000000000000003,
    0.0,
    0.0,
    0.08999999999999997,
    0.0,
    0.0,
    0.0,
    0.1600000000000001,
    0.0,
    0.16,
    0.0,
    0.0,
    0.1600000000000001,
    0.0,
    0.0,
    0.0,
    0.43999999999999984,
    0.09,
    12.959999999999999,
    0.0,
    1.0899999999999999,
    0.0,
    0.24,
    0.36,
    0.25,
    0.08999999999999997,
    0.7600000000000001,
    0.24,
    0.24000000000000005,
    0.41,
    1.2,
    0.09,
    0.16,
    0.0,
    0.0,
    0.0,
    0.25,
    0.0,
    0.0,
    0.0,
    0.25,
    0.0,
    0.0,
    0.25,
    0.0,
    1.9600000000000002,
    0.21000000000000005,
    0.24,
    0.25,
    0.21000000000000002,
    0.24000000000000005,
    0.08999999999999998,
    0.02249999999999999,
    0.16000000000000003,
    0.24,
    0.0,
    0.21000000000000002,
    0.0,
    0.0,
    0.0,
    0.08999999999999997,
    0.0,
    0.0,
    0.09,
    0.0,
    0.08999999999999998,
    0.08999999999999997,
    0.0,
    0.0,
    0.0,
    0.0,
    0.0,
    0.0,
    0.0,
    0.0
  ],
  "average_variance": 0.30478124999999995,
  "num_responses": 80,
  "parameters": {
    "scale": 10,
    "num_trials": 10,
    "temperature": 0.5,
    "cutoff": 80
  }
}