{
  "judge_model": "gpt-3.5-turbo",
  "temperature": 0.3,
  "individual_variances": [
    0.0,
    0.0,
    0.0,
    0.0,
    0.0,
    0.08999999999999998,
    0.0,
    0.0,
    0.0,
    0.0,
    0.0,
    0.0,
    0.1600000000000001,
    0.0,
    0.21000000000000005,
    0.0,
    0.0,
    0.0,
    0.0,
    0.0,
    0.0,
    0.45,
    0.0,
    19.44,
    0.0,
    1.0,
    0.0,
    0.16000000000000003,
    0.15999999999999998,
    0.21000000000000002,
    0.08999999999999998,
    0.08999999999999998,
    0.24000000000000005,
    0.24000000000000005,
    0.24000000000000005,
    1.09,
    0.0,
    0.0,
    0.0,
    0.0,
    0.0,
    0.20999999999999996,
    0.0,
    0.0,
    0.0,
    0.21000000000000002,
    0.0,
    0.0,
    0.24000000000000005,
    0.0,
    0.4899999999999999,
    0.4,
    0.0,
    0.25,
    0.0,
    0.21000000000000002,
    0.08999999999999998,
    0.022499999999999992,
    0.16,
    0.16000000000000003,
    0.0,
    0.25,
    0.0,
    0.0,
    0.0,
    0.0,
    0.0,
    0.0,
    0.0,
    0.0,
    0.0,
    0.0,
    0.0,
    0.0,
    0.0,
    0.0,
    0.0,
    0.0,
    0.0,
    0.0
  ],
  "average_variance": 0.33203124999999994,
  "num_responses": 80,
  "parameters": {
    "scale": 10,
    "num_trials": 10,
    "temperature": 0.3,
    "cutoff": 80
  }
}