{
  "judge_model": "gpt-3.5-turbo",
  "temperature": 1.0,
  "individual_variances": [
    0.0,
    0.24000000000000005,
    0.20999999999999996,
    0.24,
    0.0,
    0.08999999999999998,
    0.08999999999999997,
    0.0,
    0.15999999999999998,
    0.6
  ],
  "average_variance": 0.16299999999999998,
  "num_responses": 10,
  "parameters": {
    "scale": 10,
    "num_trials": 10,
    "temperature": 1.0,
    "cutoff": 10
  }
}