{
  "judge_model": "gpt-4o-mini",
  "temperature": 0.3,
  "individual_variances": [
    0.0,
    0.0,
    0.0,
    0.0,
    0.0,
    0.0,
    0.0,
    0.0,
    0.24,
    0.0,
    0.24000000000000005,
    0.0,
    0.0,
    0.0,
    0.15999999999999998,
    0.08999999999999998,
    0.0,
    0.0,
    0.0,
    0.0,
    0.0,
    0.44000000000000006,
    0.0,
    0.0,
    0.08999999999999998,
    0.16000000000000006,
    0.0,
    0.0,
    0.0,
    0.0,
    0.08999999999999997,
    0.0,
    0.25,
    0.0,
    0.0,
    0.08999999999999998,
    0.0,
    0.24000000000000005,
    0.0,
    0.16,
    0.08999999999999998,
    0.0,
    0.0,
    0.09,
    0.0,
    0.8099999999999999,
    0.08999999999999998,
    0.0,
    0.0,
    0.16000000000000003,
    0.0,
    0.0,
    0.0,
    0.0,
    0.0,
    0.09,
    0.0,
    0.09,
    0.25,
    0.15999999999999998,
    0.0,
    0.0,
    0.0,
    0.0,
    0.0,
    0.0,
    0.0,
    0.0,
    0.0,
    0.0,
    0.0,
    0.0,
    0.15999999999999998,
    0.0,
    0.0,
    0.0,
    0.0,
    0.0,
    0.0,
    0.0
  ],
  "average_variance": 0.053000000000000005,
  "num_responses": 80,
  "parameters": {
    "scale": 10,
    "num_trials": 10,
    "temperature": 0.3,
    "cutoff": 80
  }
}