{
  "judge_model": "gpt-3.5-turbo",
  "temperature": 0.6,
  "individual_variances": [
    0.0,
    0.0,
    0.08999999999999998,
    0.0,
    0.08999999999999997,
    0.0,
    0.0,
    0.0,
    0.0,
    0.0,
    0.0,
    0.0,
    0.25,
    0.0,
    0.21000000000000002,
    0.0,
    0.0,
    0.08999999999999998,
    0.0,
    0.0,
    0.0,
    0.0,
    0.09,
    17.009999999999998,
    0.08999999999999998,
    3.8899999999999997,
    0.09,
    0.20999999999999996,
    0.2899999999999999,
    0.24000000000000005
  ],
  "average_variance": 0.7546666666666666,
  "num_responses": 30,
  "parameters": {
    "scale": 10,
    "num_trials": 10,
    "temperature": 0.6,
    "cutoff": 30
  }
}