{
  "judge_model": "gpt-4o-mini",
  "temperature": 0.6,
  "individual_variances": [
    0.0,
    0.0,
    0.08999999999999998,
    0.0,
    0.15999999999999998
  ],
  "average_variance": 0.04999999999999999,
  "num_responses": 5,
  "parameters": {
    "scale": 10,
    "num_trials": 10,
    "temperature": 0.6,
    "cutoff": 10
  }
}