{
  "judge_model": "gpt-4o",
  "temperature": 1.0,
  "individual_variances": [
    0.0,
    0.21000000000000002,
    0.0,
    0.16000000000000003,
    0.09,
    0.24,
    0.21000000000000002,
    0.16000000000000003,
    0.24000000000000005,
    0.21000000000000002,
    0.24,
    1.36,
    0.43999999999999995,
    0.0,
    0.65,
    0.0,
    0.24000000000000005,
    0.45,
    0.0,
    0.43999999999999995,
    0.08999999999999997,
    0.16000000000000006,
    0.16000000000000003,
    7.4399999999999995,
    1.8,
    7.25,
    0.0,
    0.09,
    0.56,
    0.35999999999999993,
    0.24,
    0.0,
    0.0,
    0.08999999999999998,
    0.09,
    1.7599999999999998,
    0.0,
    0.6100000000000001,
    0.0,
    0.0,
    0.09,
    0.20999999999999996,
    0.24,
    0.2899999999999999,
    0.08999999999999998,
    1.4,
    0.25,
    0.24,
    0.2899999999999999,
    0.20999999999999996,
    0.24000000000000005,
    0.0,
    0.0,
    0.5600000000000002,
    0.2899999999999999,
    3.1599999999999997,
    0.24,
    1.0899999999999999,
    1.6,
    1.2099999999999997,
    0.0,
    0.16000000000000003,
    0.16,
    0.20999999999999996,
    0.21000000000000002,
    0.24000000000000005,
    0.09,
    0.0,
    0.21000000000000002,
    0.2899999999999999,
    0.09,
    0.0,
    0.08999999999999998,
    0.21000000000000005,
    0.0,
    0.0,
    0.0,
    0.08999999999999998,
    0.21000000000000005,
    0.09
  ],
  "average_variance": 0.5011250000000002,
  "num_responses": 80,
  "parameters": {
    "scale": 10,
    "num_trials": 10,
    "temperature": 1.0,
    "cutoff": 80
  }
}