{
  "judge_model": "gpt-4o",
  "temperature": 0.3,
  "individual_variances": [
    0.0,
    0.0,
    0.0,
    0.0,
    0.0,
    0.0,
    0.0,
    0.08999999999999998,
    0.0,
    0.0,
    0.24,
    0.61,
    0.15999999999999998,
    0.0,
    0.21000000000000005,
    0.0,
    0.0,
    0.0,
    0.0,
    0.0,
    0.0,
    0.21000000000000002,
    0.0,
    1.6900000000000002,
    0.4400000000000001,
    5.61,
    0.0,
    0.0,
    0.4,
    0.24,
    0.0,
    0.0,
    0.0,
    0.0,
    0.0,
    0.6399999999999999,
    0.0,
    0.36,
    0.0,
    0.0,
    0.0,
    0.24,
    0.16000000000000003,
    0.0,
    0.09,
    0.8899999999999999,
    0.09,
    0.0,
    0.0,
    0.0,
    0.0,
    0.0,
    0.0,
    0.0,
    0.25,
    0.0,
    0.0,
    0.16,
    0.36,
    1.4899999999999998,
    0.0,
    0.0,
    0.09,
    0.0,
    0.25,
    0.16000000000000003,
    0.0,
    0.0,
    0.0,
    0.0,
    0.0,
    0.0,
    0.08999999999999998,
    0.0,
    0.0,
    0.0,
    0.0,
    0.0,
    0.09,
    0.0
  ],
  "average_variance": 0.19137500000000002,
  "num_responses": 80,
  "parameters": {
    "scale": 10,
    "num_trials": 10,
    "temperature": 0.3,
    "cutoff": 80
  }
}