{
  "judge_model": "gpt-3.5-turbo",
  "temperature": 1.0,
  "individual_variances": [
    0.0,
    0.0,
    0.0,
    0.15999999999999998,
    0.24,
    0.24,
    0.0,
    0.0,
    0.25,
    0.29,
    0.09,
    0.09,
    0.24000000000000005,
    0.0,
    0.41,
    0.0,
    0.0,
    0.09,
    0.0,
    0.15999999999999998,
    0.7600000000000001,
    0.69,
    0.09,
    17.2,
    0.36,
    0.21000000000000002,
    0.0,
    0.16,
    0.45,
    0.24,
    0.43999999999999995,
    0.43999999999999995,
    0.24,
    0.08999999999999998,
    0.2899999999999999,
    1.4899999999999998,
    0.24,
    0.16,
    0.0,
    0.0,
    0.0,
    0.24,
    0.0,
    0.20999999999999996,
    0.0,
    0.24000000000000005,
    0.24,
    0.16000000000000003,
    0.16,
    0.43999999999999995,
    1.7600000000000002,
    0.8399999999999999,
    0.6100000000000001,
    0.48999999999999994,
    0.21000000000000002,
    0.24,
    0.25,
    0.23999999999999994,
    0.41,
    0.2899999999999999,
    0.08999999999999998,
    0.08999999999999997,
    0.0,
    0.0,
    0.08999999999999997,
    0.16000000000000006,
    0.0,
    0.0,
    0.25,
    0.0,
    0.08999999999999998,
    0.0,
    0.0,
    0.08999999999999998,
    0.08999999999999998,
    0.0,
    0.0,
    0.0,
    0.2,
    0.0
  ],
  "average_variance": 0.4248750000000001,
  "num_responses": 80,
  "parameters": {
    "scale": 10,
    "num_trials": 10,
    "temperature": 1.0,
    "cutoff": 80
  }
}