{
  "judge_model": "gpt-4o",
  "temperature": 0.7,
  "individual_variances": [
    0.0,
    0.0,
    0.0,
    0.09,
    0.08999999999999997,
    0.08999999999999998,
    0.09,
    0.25,
    0.0,
    0.21000000000000002,
    0.24,
    1.01,
    0.21000000000000002,
    0.08999999999999998,
    0.41,
    0.0,
    0.09,
    0.0,
    0.09,
    0.24000000000000005,
    0.0,
    0.25,
    0.21000000000000002,
    6.040000000000001,
    1.04,
    0.09,
    0.0,
    0.16000000000000006,
    0.41000000000000003,
    0.24
  ],
  "average_variance": 0.38800000000000007,
  "num_responses": 30,
  "parameters": {
    "scale": 10,
    "num_trials": 10,
    "temperature": 0.7,
    "cutoff": 30
  }
}