{
  "judge_model": "gpt-4o-mini",
  "temperature": 0.7,
  "individual_variances": [
    0.0,
    0.0,
    0.0,
    0.0,
    0.0,
    0.0,
    0.0,
    0.15999999999999998,
    0.15999999999999998,
    0.0,
    0.2,
    0.09,
    0.15999999999999998,
    0.0,
    0.09,
    0.21000000000000002,
    0.0,
    0.08999999999999998,
    0.0,
    0.24,
    0.0,
    0.36,
    0.0,
    0.0,
    0.48999999999999994,
    0.45,
    0.0,
    0.16,
    0.08999999999999998,
    0.0
  ],
  "average_variance": 0.09833333333333334,
  "num_responses": 30,
  "parameters": {
    "scale": 10,
    "num_trials": 10,
    "temperature": 0.7,
    "cutoff": 30
  }
}