{
  "judge_model": "gpt-4o",
  "temperature": 0.1,
  "individual_variances": [
    0.0,
    0.0,
    0.0,
    0.0,
    0.0,
    0.0,
    0.0,
    0.24,
    0.0,
    0.0,
    0.0,
    0.08999999999999998,
    0.0,
    0.0,
    0.24000000000000005,
    0.0,
    0.0,
    0.0,
    0.0,
    0.15999999999999998,
    0.0,
    0.0,
    0.0,
    0.09,
    0.09,
    0.3599999999999999,
    0.0,
    0.0,
    0.0,
    0.21000000000000002
  ],
  "average_variance": 0.049333333333333326,
  "num_responses": 30,
  "parameters": {
    "scale": 10,
    "num_trials": 10,
    "temperature": 0.1,
    "cutoff": 30
  }
}