{
  "judge_model": "gpt-4o-mini",
  "temperature": 0.1,
  "individual_variances": [
    0.0,
    0.0,
    0.0,
    0.0,
    0.0,
    0.0,
    0.0,
    0.0,
    0.24,
    0.0,
    0.0,
    0.0,
    0.0,
    0.0,
    0.15999999999999998,
    0.16,
    0.0,
    0.0,
    0.0,
    0.0,
    0.0,
    0.09,
    0.0,
    0.0,
    0.0,
    0.0,
    0.0,
    0.0,
    0.0,
    0.0
  ],
  "average_variance": 0.021666666666666664,
  "num_responses": 30,
  "parameters": {
    "scale": 10,
    "num_trials": 10,
    "temperature": 0.1,
    "cutoff": 30
  }
}