{
  "judge_model": "gpt-3.5-turbo",
  "temperature": 0.5,
  "individual_variances": [
    0.0,
    0.0,
    0.0,
    0.15999999999999998,
    0.0,
    0.0,
    0.0,
    0.0,
    0.24,
    0.0,
    0.0,
    0.0,
    0.0,
    0.0,
    0.20999999999999996,
    0.0,
    0.0,
    0.08999999999999997,
    0.0,
    0.16000000000000006,
    0.0,
    0.08999999999999998,
    0.0,
    7.290000000000002,
    0.0,
    0.43999999999999995,
    0.0,
    0.21000000000000002,
    0.29,
    0.25,
    0.25,
    0.41,
    0.24,
    0.2,
    0.24,
    0.8899999999999999,
    0.0,
    0.0,
    0.0,
    0.0,
    0.0,
    0.24000000000000005,
    0.0,
    0.16000000000000003,
    0.0,
    0.24,
    0.08999999999999997,
    0.16,
    0.09,
    0.24,
    0.21000000000000002,
    0.65,
    0.0,
    0.48999999999999994,
    0.16,
    0.21000000000000002,
    0.16,
    0.06,
    0.08999999999999997,
    0.1600000000000001,
    0.0,
    0.21000000000000002,
    0.0,
    0.0,
    0.0,
    0.0,
    0.0,
    0.0,
    0.24,
    0.0,
    0.0,
    0.0,
    0.0,
    0.0,
    0.0,
    0.0,
    0.0,
    0.0,
    0.0,
    0.0
  ],
  "average_variance": 0.1940000000000001,
  "num_responses": 80,
  "parameters": {
    "scale": 10,
    "num_trials": 10,
    "temperature": 0.5,
    "cutoff": 80
  }
}