{
  "judge_model": "gpt-3.5-turbo",
  "temperature": 0.8,
  "individual_variances": [
    0.0,
    0.0,
    0.21000000000000002,
    0.08999999999999998,
    0.08999999999999998,
    0.16000000000000003,
    0.08999999999999998,
    0.0,
    0.24,
    0.0,
    0.0,
    0.08999999999999998,
    0.21000000000000002,
    0.0,
    0.24000000000000005,
    0.0,
    0.0,
    0.24,
    0.0,
    0.0,
    0.0,
    0.43999999999999995,
    0.0,
    19.44,
    0.2,
    2.4,
    0.0,
    0.21000000000000002,
    0.8,
    0.41
  ],
  "average_variance": 0.852,
  "num_responses": 30,
  "parameters": {
    "scale": 10,
    "num_trials": 10,
    "temperature": 0.8,
    "cutoff": 30
  }
}