{
  "judge_model": "gpt-4o",
  "temperature": 0.6,
  "individual_variances": [
    0.0,
    0.0,
    0.0,
    0.08999999999999997,
    0.0,
    0.16,
    0.0,
    0.24000000000000005,
    0.24,
    0.0,
    0.43999999999999995,
    0.24,
    0.2899999999999999,
    0.0,
    0.25,
    0.0,
    0.0,
    0.09,
    0.21000000000000005,
    0.45,
    0.0,
    0.41000000000000003,
    0.0,
    1.64,
    1.2,
    3.2399999999999998,
    0.0,
    0.0,
    0.41,
    0.16000000000000003
  ],
  "average_variance": 0.3253333333333333,
  "num_responses": 30,
  "parameters": {
    "scale": 10,
    "num_trials": 10,
    "temperature": 0.6,
    "cutoff": 30
  }
}