{
  "judge_model": "gpt-4o-mini",
  "temperature": 1.0,
  "individual_variances": [
    0.0,
    0.0,
    0.0,
    0.0,
    0.0,
    0.08999999999999998,
    0.0,
    0.09,
    0.21000000000000002,
    0.0,
    0.2,
    0.65,
    0.21000000000000002,
    0.0,
    0.21000000000000002,
    0.21000000000000002,
    0.0,
    0.08999999999999998,
    0.08999999999999998,
    0.43999999999999995,
    0.0,
    0.8400000000000001,
    0.0,
    0.40999999999999986,
    0.6,
    0.41,
    0.0,
    0.0,
    0.2,
    0.0,
    0.6,
    0.0,
    0.16000000000000003,
    0.0,
    0.08999999999999997,
    0.2899999999999999,
    0.15999999999999998,
    0.09,
    0.0,
    0.41,
    0.08999999999999998,
    0.0,
    0.0,
    2.7600000000000002,
    0.09,
    0.8399999999999999,
    0.16000000000000003,
    0.21000000000000002,
    0.09,
    0.15999999999999998,
    0.16,
    0.09,
    0.0,
    0.0,
    0.15999999999999998,
    0.24,
    0.0,
    0.48999999999999994,
    0.16000000000000003,
    0.45,
    0.09,
    0.0,
    0.21000000000000002,
    0.0,
    0.0,
    0.0,
    0.0,
    0.0,
    0.0,
    0.16000000000000003,
    0.09,
    0.08999999999999998,
    0.24000000000000005,
    0.0,
    0.0,
    0.0,
    0.0,
    0.0,
    0.21000000000000002,
    0.0
  ],
  "average_variance": 0.17487500000000003,
  "num_responses": 80,
  "parameters": {
    "scale": 10,
    "num_trials": 10,
    "temperature": 1.0,
    "cutoff": 80
  }
}