{
  "judge_model": "gpt-4o",
  "temperature": 0.3,
  "individual_variances": [
    0.0,
    0.0,
    0.0,
    0.0,
    0.0,
    0.0,
    0.0,
    0.24000000000000005,
    0.25,
    0.0,
    0.15999999999999998,
    0.25,
    0.08999999999999998,
    0.0,
    0.25,
    0.0,
    0.0,
    0.0,
    0.0,
    0.15999999999999998,
    0.0,
    0.08999999999999998,
    0.08999999999999997,
    0.45,
    1.0899999999999999,
    0.0,
    0.0,
    0.0,
    0.21000000000000002,
    0.25,
    0.0,
    0.0,
    0.0,
    0.0,
    0.0,
    0.36,
    0.0,
    0.4,
    0.0,
    0.0,
    0.0,
    0.16000000000000003,
    0.08999999999999998,
    0.16000000000000006,
    0.09,
    0.44000000000000006,
    0.0,
    0.09,
    0.0,
    0.0,
    0.0,
    0.0,
    0.0,
    0.0,
    0.1600000000000001,
    0.0,
    0.0,
    0.41,
    0.09,
    0.08999999999999997,
    0.0,
    0.0,
    0.0,
    0.20999999999999996,
    0.21000000000000002,
    0.21000000000000002,
    0.0,
    0.0,
    0.0,
    0.0,
    0.0,
    0.0,
    0.0,
    0.0,
    0.0,
    0.0,
    0.0,
    0.0,
    0.16,
    0.08999999999999997
  ],
  "average_variance": 0.0875,
  "num_responses": 80,
  "parameters": {
    "scale": 10,
    "num_trials": 10,
    "temperature": 0.3,
    "cutoff": 80
  }
}