{
  "judge_model": "gpt-3.5-turbo",
  "temperature": 0.9,
  "individual_variances": [
    0.0,
    0.0,
    0.21000000000000002,
    0.0,
    0.15999999999999998,
    0.25,
    0.0,
    0.0,
    0.15999999999999998,
    0.0,
    0.0,
    0.0,
    0.20999999999999996,
    0.0,
    0.24,
    0.0,
    0.0,
    0.21000000000000002,
    0.0,
    0.21000000000000002,
    0.6399999999999999,
    0.21000000000000002,
    0.16,
    17.84,
    0.49000000000000005,
    3.01,
    0.16,
    0.24,
    0.36000000000000004,
    0.41000000000000003
  ],
  "average_variance": 0.839,
  "num_responses": 30,
  "parameters": {
    "scale": 10,
    "num_trials": 10,
    "temperature": 0.9,
    "cutoff": 30
  }
}