{
  "judge_model": "gpt-3.5-turbo",
  "temperature": 0.2,
  "individual_variances": [
    0.0,
    0.0,
    0.0,
    0.0,
    0.0,
    0.0,
    0.0,
    0.0,
    0.08999999999999998,
    0.0,
    0.0,
    0.0,
    0.0,
    0.0,
    0.09,
    0.0,
    0.0,
    0.0,
    0.0,
    0.0,
    0.0,
    0.0,
    0.0,
    0.0,
    0.09,
    0.15999999999999998,
    0.0,
    0.21000000000000002,
    0.09,
    0.0
  ],
  "average_variance": 0.024333333333333332,
  "num_responses": 30,
  "parameters": {
    "scale": 10,
    "num_trials": 10,
    "temperature": 0.2,
    "cutoff": 30
  }
}