{
  "judge_model": "gpt-3.5-turbo",
  "temperature": 0.3,
  "individual_variances": [
    0.0,
    0.0,
    0.0,
    0.0,
    0.0,
    0.0,
    0.0,
    0.0,
    0.08999999999999998,
    0.0,
    0.0,
    0.0,
    0.24000000000000005,
    0.0,
    0.21000000000000002,
    0.0,
    0.0,
    0.15999999999999998,
    0.0,
    0.0,
    0.0,
    0.4,
    0.0,
    7.290000000000001,
    0.0,
    0.35999999999999993,
    0.0,
    0.24,
    0.24,
    0.09,
    0.15999999999999998,
    0.0,
    0.25,
    0.0,
    0.09,
    0.65,
    0.0,
    0.0,
    0.0,
    0.0,
    0.0,
    0.21000000000000002,
    0.0,
    0.0,
    0.0,
    0.24000000000000005,
    0.24000000000000005,
    0.09,
    0.08999999999999998,
    0.08999999999999998,
    0.15999999999999998,
    0.24,
    0.0,
    0.4,
    0.16000000000000003,
    0.09,
    0.0,
    0.022499999999999996,
    0.08999999999999998,
    0.0,
    0.0,
    0.08999999999999998,
    0.0,
    0.0,
    0.0,
    0.0,
    0.0,
    0.0,
    0.0,
    0.0,
    0.0,
    0.0,
    0.0,
    0.0,
    0.0,
    0.0,
    0.0,
    0.0,
    0.0,
    0.0
  ],
  "average_variance": 0.15853125000000004,
  "num_responses": 80,
  "parameters": {
    "scale": 10,
    "num_trials": 10,
    "temperature": 0.3,
    "cutoff": 80
  }
}