{
  "judge_model": "gpt-4o-mini",
  "temperature": 0.5,
  "individual_variances": [
    0.0,
    0.0,
    0.0,
    0.0,
    0.0,
    0.0,
    0.0,
    0.0,
    0.15999999999999998,
    0.0,
    0.15999999999999998,
    0.0,
    0.08999999999999998,
    0.0,
    0.36,
    0.09,
    0.0,
    0.16000000000000006,
    0.08999999999999998,
    0.24,
    0.0,
    0.65,
    0.08999999999999997,
    0.0,
    0.09,
    0.09,
    0.0,
    0.16000000000000006,
    0.0,
    0.0,
    0.43999999999999995,
    0.0,
    0.24,
    0.0,
    0.20999999999999996,
    0.0,
    0.0,
    0.1600000000000001,
    0.0,
    0.08999999999999998,
    0.16000000000000003,
    0.0,
    0.0,
    0.6900000000000001,
    0.0,
    1.2399999999999998,
    0.16000000000000003,
    0.0,
    0.0,
    0.1600000000000001,
    0.21000000000000002,
    0.0,
    0.0,
    0.0,
    0.0,
    0.21000000000000002,
    0.0,
    0.15999999999999998,
    0.0,
    0.24,
    0.0,
    0.0,
    0.25,
    0.0,
    0.0,
    0.0,
    0.0,
    0.0,
    0.0,
    0.08999999999999998,
    0.0,
    0.0,
    0.08999999999999998,
    0.0,
    0.0,
    0.0,
    0.0,
    0.0,
    0.08999999999999997,
    0.0
  ],
  "average_variance": 0.0915,
  "num_responses": 80,
  "parameters": {
    "scale": 10,
    "num_trials": 10,
    "temperature": 0.5,
    "cutoff": 80
  }
}