{
  "judge_model": "gpt-4o-mini",
  "temperature": 1.0,
  "individual_variances": [
    0.0,
    0.0,
    0.0,
    0.0,
    0.08999999999999998,
    0.0,
    0.09,
    0.16000000000000003,
    0.08999999999999997,
    0.2,
    0.5599999999999999,
    0.41,
    0.0,
    0.21000000000000002,
    0.25,
    0.0,
    0.16,
    0.08999999999999998,
    0.09,
    0.0,
    0.96,
    0.1600000000000001,
    0.44000000000000006,
    0.5599999999999999,
    0.16000000000000006,
    0.0,
    0.16000000000000003,
    0.4,
    0.0,
    0.08999999999999998,
    0.0,
    0.25,
    0.08999999999999998,
    0.2,
    0.45,
    0.21000000000000002,
    0.21000000000000002,
    0.0,
    0.24,
    0.16,
    0.0,
    0.15999999999999998,
    0.21000000000000002,
    1.41,
    0.20999999999999996,
    0.08999999999999998,
    0.21000000000000002,
    0.15999999999999998,
    0.0,
    0.0,
    0.4,
    0.0,
    0.0,
    0.08999999999999998,
    0.0,
    0.0,
    0.08999999999999998,
    0.0,
    0.0,
    0.0,
    0.09,
    0.0,
    0.16,
    0.08999999999999998
  ],
  "average_variance": 0.16421875,
  "num_responses": 64,
  "parameters": {
    "scale": 10,
    "num_trials": 10,
    "temperature": 1.0,
    "cutoff": 80
  }
}