{
  "experiment": "2a",
  "description": "Testing if step-by-step reasoning reduces judgment variance",
  "parameters": {
    "scale": 10,
    "num_trials": 10,
    "cutoff": 80,
    "judge_model": "gpt-4o-mini"
  },
  "results": {
    "0.3": {
      "individual_variances": [
        0.0,
        0.0,
        0.24,
        0.0,
        0.2899999999999999,
        0.21000000000000005,
        0.09,
        0.15999999999999998,
        0.12244897959183675,
        0.21000000000000002,
        0.109375,
        0.15999999999999998,
        0.2,
        0.109375,
        0.0,
        0.09,
        0.08999999999999998,
        0.08999999999999998,
        0.24,
        0.09,
        0.43999999999999995,
        0.0,
        0.21000000000000002,
        0.08999999999999997,
        0.15999999999999998,
        0.09,
        0.69,
        0.21000000000000002,
        0.44000000000000006,
        0.24,
        1.5555555555555554,
        0.69,
        0.25,
        0.24000000000000005,
        0.08999999999999998,
        0.17283950617283947,
        0.24,
        0.24,
        0.24,
        2.01,
        0.09,
        0.35999999999999993,
        0.08999999999999998,
        0.0,
        0.0,
        0.20999999999999996,
        0.24,
        0.25,
        0.15999999999999998,
        0.36,
        0.09,
        0.0,
        0.48999999999999994,
        0.4,
        0.5599999999999999,
        0.21000000000000002,
        0.43999999999999995,
        0.15999999999999998,
        0.15999999999999998,
        0.25,
        0.25,
        0.20999999999999996,
        0.20999999999999996,
        0.2,
        0.0,
        0.41000000000000003,
        0.21000000000000002,
        0.0,
        0.21000000000000002,
        0.08999999999999997,
        0.109375,
        0.0,
        0.0,
        0.0,
        0.08999999999999998,
        0.12244897959183675,
        0.0,
        0.4081632653061224,
        0.0,
        0.21000000000000002
      ],
      "average_variance": 0.22561976607772743,
      "num_responses": 80
    },
    "0.5": {
      "individual_variances": [
        0.15999999999999998,
        0.0,
        0.24,
        0.36,
        0.0,
        0.15999999999999998,
        0.0,
        0.09,
        0.0,
        0.5599999999999999,
        0.09876543209876545,
        0.24,
        0.48999999999999994,
        0.12244897959183676,
        0.09,
        0.21000000000000002,
        0.09,
        0.0,
        0.5599999999999999,
        0.09876543209876545,
        0.08999999999999998,
        0.15999999999999998,
        0.0,
        0.15999999999999998,
        0.2,
        0.0,
        0.43999999999999995,
        0.15999999999999998,
        0.24,
        0.15999999999999998,
        1.2899999999999998,
        0.09,
        0.24000000000000005,
        0.24,
        0.21000000000000002,
        0.08999999999999997,
        0.16,
        0.21000000000000002,
        0.21000000000000002,
        3.21,
        0.21000000000000002,
        0.2,
        0.08999999999999998,
        0.0,
        0.09,
        0.24,
        0.24,
        0.64,
        0.09,
        0.41000000000000003,
        0.36,
        0.09,
        0.3950617283950618,
        0.8399999999999999,
        1.111111111111111,
        0.24000000000000005,
        0.61,
        0.15999999999999998,
        0.36,
        0.21000000000000002,
        0.21000000000000002,
        0.1600000000000001,
        0.16,
        0.15999999999999998,
        0.22222222222222227,
        0.25,
        0.25,
        0.0,
        0.16,
        0.24,
        0.09876543209876544,
        0.08999999999999998,
        0.09,
        0.09,
        0.0,
        0.2222222222222222,
        0.08999999999999997,
        0.0,
        0.24000000000000005,
        0.24
      ],
      "average_variance": 0.2586170319979843,
      "num_responses": 80
    },
    "1.0": {
      "individual_variances": [
        0.17283950617283947,
        0.15999999999999998,
        0.8400000000000001,
        0.0,
        0.16000000000000003,
        0.09876543209876544,
        0.08999999999999998,
        0.2222222222222222,
        0.25,
        0.17283950617283947,
        0.09876543209876544,
        0.21000000000000002,
        0.22222222222222224,
        0.2,
        0.36,
        0.24,
        0.24,
        0.15999999999999998,
        0.24,
        0.24,
        0.09,
        0.09,
        0.2,
        0.43999999999999995,
        0.21000000000000002,
        0.2,
        0.44000000000000006,
        0.15999999999999998,
        0.41,
        0.41,
        0.3950617283950617,
        0.45,
        0.24,
        0.24,
        0.24,
        2.0,
        0.25,
        0.65,
        0.25,
        4.290000000000001,
        0.36,
        0.2899999999999999,
        0.09876543209876544,
        0.2,
        0.21000000000000005,
        0.21000000000000002,
        0.24000000000000005,
        0.25,
        0.36,
        0.5599999999999999,
        0.25,
        0.24000000000000005,
        0.5599999999999999,
        0.89,
        0.5,
        0.21000000000000002,
        0.21000000000000002,
        0.6913580246913579,
        0.4,
        0.41000000000000003,
        0.08999999999999997,
        0.16,
        0.24,
        0.4,
        0.4444444444444444,
        0.24,
        0.1875,
        0.2,
        0.4691358024691357,
        0.1875,
        0.24691358024691354,
        0.09876543209876545,
        0.0,
        0.09,
        0.234375,
        0.2899999999999999,
        0.2,
        0.08999999999999998,
        0.22222222222222224,
        0.21000000000000002
      ],
      "average_variance": 0.3434211998456789,
      "num_responses": 80
    }
  }
}