{
  "temperature": 0.3,
  "individual_variances": [
    0.0,
    0.0,
    0.24,
    0.0,
    0.2899999999999999,
    0.21000000000000005,
    0.09,
    0.15999999999999998,
    0.12244897959183675,
    0.21000000000000002,
    0.109375,
    0.15999999999999998,
    0.2,
    0.109375,
    0.0,
    0.09,
    0.08999999999999998,
    0.08999999999999998,
    0.24,
    0.09,
    0.43999999999999995,
    0.0,
    0.21000000000000002,
    0.08999999999999997,
    0.15999999999999998,
    0.09,
    0.69,
    0.21000000000000002,
    0.44000000000000006,
    0.24,
    1.5555555555555554,
    0.69,
    0.25,
    0.24000000000000005,
    0.08999999999999998,
    0.17283950617283947,
    0.24,
    0.24,
    0.24,
    2.01,
    0.09,
    0.35999999999999993,
    0.08999999999999998,
    0.0,
    0.0,
    0.20999999999999996,
    0.24,
    0.25,
    0.15999999999999998,
    0.36,
    0.09,
    0.0,
    0.48999999999999994,
    0.4,
    0.5599999999999999,
    0.21000000000000002,
    0.43999999999999995,
    0.15999999999999998,
    0.15999999999999998,
    0.25,
    0.25,
    0.20999999999999996,
    0.20999999999999996,
    0.2,
    0.0,
    0.41000000000000003,
    0.21000000000000002,
    0.0,
    0.21000000000000002,
    0.08999999999999997,
    0.109375,
    0.0,
    0.0,
    0.0,
    0.08999999999999998,
    0.12244897959183675,
    0.0,
    0.4081632653061224,
    0.0,
    0.21000000000000002
  ],
  "average_variance": 0.22561976607772743,
  "num_responses": 80,
  "parameters": {
    "scale": 10,
    "num_trials": 10,
    "temperature": 0.3,
    "cutoff": 80,
    "reasoning": true
  }
}