{
  "temperature": 0.5,
  "individual_variances": [
    0.15999999999999998,
    0.0,
    0.24,
    0.36,
    0.0,
    0.15999999999999998,
    0.0,
    0.09,
    0.0,
    0.5599999999999999,
    0.09876543209876545,
    0.24,
    0.48999999999999994,
    0.12244897959183676,
    0.09,
    0.21000000000000002,
    0.09,
    0.0,
    0.5599999999999999,
    0.09876543209876545,
    0.08999999999999998,
    0.15999999999999998,
    0.0,
    0.15999999999999998,
    0.2,
    0.0,
    0.43999999999999995,
    0.15999999999999998,
    0.24,
    0.15999999999999998,
    1.2899999999999998,
    0.09,
    0.24000000000000005,
    0.24,
    0.21000000000000002,
    0.08999999999999997,
    0.16,
    0.21000000000000002,
    0.21000000000000002,
    3.21,
    0.21000000000000002,
    0.2,
    0.08999999999999998,
    0.0,
    0.09,
    0.24,
    0.24,
    0.64,
    0.09,
    0.41000000000000003,
    0.36,
    0.09,
    0.3950617283950618,
    0.8399999999999999,
    1.111111111111111,
    0.24000000000000005,
    0.61,
    0.15999999999999998,
    0.36,
    0.21000000000000002,
    0.21000000000000002,
    0.1600000000000001,
    0.16,
    0.15999999999999998,
    0.22222222222222227,
    0.25,
    0.25,
    0.0,
    0.16,
    0.24,
    0.09876543209876544,
    0.08999999999999998,
    0.09,
    0.09,
    0.0,
    0.2222222222222222,
    0.08999999999999997,
    0.0,
    0.24000000000000005,
    0.24
  ],
  "average_variance": 0.2586170319979843,
  "num_responses": 80,
  "parameters": {
    "scale": 10,
    "num_trials": 10,
    "temperature": 0.5,
    "cutoff": 80,
    "reasoning": true
  }
}