{
  "experiment": "2b",
  "description": "Testing if post-hoc reasoning affects judgment variance",
  "parameters": {
    "scale": 10,
    "num_trials": 10,
    "cutoff": 80,
    "judge_model": "gpt-4o-mini"
  },
  "results": {
    "0.3": {
      "individual_variances": [
        0.0,
        0.0,
        0.0,
        0.0,
        0.0,
        0.0,
        0.0,
        0.0,
        0.09,
        0.21000000000000002,
        0.0,
        0.0,
        0.0,
        0.0,
        0.21000000000000002,
        0.0,
        0.0,
        0.08999999999999997,
        0.16000000000000003,
        0.15999999999999998,
        0.08999999999999998,
        0.0,
        0.08999999999999998,
        0.0,
        0.15999999999999998,
        0.25,
        0.65,
        0.16,
        0.0,
        0.0,
        0.36,
        0.0,
        0.0,
        0.0,
        0.0,
        0.0,
        0.21000000000000005,
        0.0,
        0.0,
        0.0,
        0.0,
        0.25,
        0.16000000000000006,
        0.0,
        0.08999999999999998,
        0.21000000000000002,
        0.0,
        0.24000000000000005,
        0.0,
        0.0,
        0.0,
        0.09,
        0.24,
        0.25,
        0.45,
        0.09,
        0.25,
        0.0,
        0.24000000000000005,
        0.25,
        0.0,
        0.0,
        0.0,
        0.0,
        0.15999999999999998,
        0.0,
        0.0,
        0.25,
        0.0,
        0.0,
        0.0,
        0.0,
        0.24,
        0.0,
        0.0,
        0.0,
        0.24,
        0.0,
        0.0,
        0.24
      ],
      "average_variance": 0.085375,
      "num_responses": 80
    },
    "0.5": {
      "individual_variances": [
        0.0,
        0.0,
        0.0,
        0.15999999999999998,
        0.0,
        0.0,
        0.25,
        0.16000000000000003,
        0.2899999999999999,
        0.43999999999999995,
        0.08999999999999997,
        0.0,
        0.0,
        0.0,
        0.24,
        0.0,
        0.0,
        0.09,
        0.25,
        0.24,
        0.0,
        0.08999999999999998,
        0.0,
        0.41,
        0.15999999999999998,
        0.21000000000000002,
        0.4400000000000002,
        0.15999999999999998,
        0.09,
        0.43999999999999995,
        0.6,
        0.25,
        0.09,
        0.0,
        0.08999999999999998,
        0.2,
        0.16000000000000006,
        0.08999999999999998,
        0.0,
        0.0,
        0.0,
        0.08999999999999998,
        0.0,
        0.0,
        0.0,
        0.21000000000000002,
        0.0,
        0.08999999999999998,
        0.0,
        0.0,
        0.24000000000000005,
        0.21000000000000002,
        0.29000000000000004,
        0.49000000000000005,
        0.76,
        0.15999999999999998,
        0.2,
        0.24000000000000005,
        0.36,
        0.5599999999999999,
        0.0,
        0.0,
        0.0,
        0.21000000000000002,
        0.0,
        0.0,
        0.0,
        0.16000000000000003,
        0.0,
        0.0,
        0.0,
        0.0,
        0.20999999999999996,
        0.0,
        0.0,
        0.09,
        0.16000000000000003,
        0.0,
        0.0,
        0.24
      ],
      "average_variance": 0.13325000000000004,
      "num_responses": 80
    },
    "1.0": {
      "individual_variances": [
        0.16,
        0.08999999999999997,
        0.21000000000000002,
        0.20999999999999996,
        0.0,
        0.0,
        0.21000000000000002,
        0.08999999999999998,
        0.65,
        0.45,
        0.0,
        0.0,
        0.0,
        0.0,
        0.24,
        0.0,
        0.08999999999999998,
        0.21000000000000002,
        0.25,
        0.09,
        0.20999999999999996,
        0.16000000000000003,
        0.25,
        2.84,
        0.41,
        0.24000000000000005,
        1.25,
        0.21000000000000002,
        0.09,
        0.43999999999999995,
        0.8888888888888888,
        0.24,
        0.24000000000000005,
        0.1600000000000001,
        0.08999999999999998,
        0.5599999999999999,
        0.25,
        0.21000000000000002,
        0.24,
        0.0,
        0.08999999999999997,
        0.16000000000000003,
        0.0,
        0.08999999999999998,
        0.15999999999999998,
        0.25,
        0.0,
        0.21000000000000002,
        0.0,
        0.09,
        0.45,
        0.09,
        0.48999999999999994,
        0.76,
        1.01,
        0.2,
        0.85,
        0.15999999999999998,
        0.4,
        0.61,
        0.0,
        0.0,
        0.0,
        0.21000000000000005,
        0.08999999999999998
      ],
      "average_variance": 0.2815213675213675,
      "num_responses": 65
    }
  }
}