{
  "temperature": 0.5,
  "individual_variances": [
    0.0,
    0.0,
    0.0,
    0.15999999999999998,
    0.0,
    0.0,
    0.25,
    0.16000000000000003,
    0.2899999999999999,
    0.43999999999999995,
    0.08999999999999997,
    0.0,
    0.0,
    0.0,
    0.24,
    0.0,
    0.0,
    0.09,
    0.25,
    0.24,
    0.0,
    0.08999999999999998,
    0.0,
    0.41,
    0.15999999999999998,
    0.21000000000000002,
    0.4400000000000002,
    0.15999999999999998,
    0.09,
    0.43999999999999995,
    0.6,
    0.25,
    0.09,
    0.0,
    0.08999999999999998,
    0.2,
    0.16000000000000006,
    0.08999999999999998,
    0.0,
    0.0,
    0.0,
    0.08999999999999998,
    0.0,
    0.0,
    0.0,
    0.21000000000000002,
    0.0,
    0.08999999999999998,
    0.0,
    0.0,
    0.24000000000000005,
    0.21000000000000002,
    0.29000000000000004,
    0.49000000000000005,
    0.76,
    0.15999999999999998,
    0.2,
    0.24000000000000005,
    0.36,
    0.5599999999999999,
    0.0,
    0.0,
    0.0,
    0.21000000000000002,
    0.0,
    0.0,
    0.0,
    0.16000000000000003,
    0.0,
    0.0,
    0.0,
    0.0,
    0.20999999999999996,
    0.0,
    0.0,
    0.09,
    0.16000000000000003,
    0.0,
    0.0,
    0.24
  ],
  "average_variance": 0.13325000000000004,
  "num_responses": 80,
  "parameters": {
    "scale": 10,
    "num_trials": 10,
    "temperature": 0.5,
    "cutoff": 80,
    "reasoning": "after"
  }
}