{
  "judge_model": "gpt-4o",
  "temperature": 1.0,
  "individual_variances": [
    0.09,
    0.08999999999999998,
    0.96,
    0.21000000000000002,
    0.21000000000000002,
    0.08999999999999998,
    0.36,
    0.24,
    0.24,
    0.29000000000000004
  ],
  "average_variance": 0.278,
  "num_responses": 10,
  "parameters": {
    "scale": 10,
    "num_trials": 10,
    "temperature": 1.0
  }
}