{
  "judge_model": "gpt-3.5-turbo",
  "temperature": 0.7,
  "individual_variances": [
    0.08999999999999998,
    0.16000000000000003,
    0.16,
    0.25,
    0.0,
    0.0,
    0.0,
    0.15999999999999998,
    0.24000000000000005,
    0.08999999999999998
  ],
  "average_variance": 0.11500000000000002,
  "num_responses": 10,
  "parameters": {
    "scale": 10,
    "num_trials": 10,
    "temperature": 0.7
  }
}