{
  "judge_model": "gpt-4o",
  "temperature": 0.9,
  "individual_variances": [
    0.21000000000000002,
    0.0,
    1.16,
    0.20999999999999996,
    0.08999999999999998,
    0.08999999999999998,
    0.09,
    0.24,
    0.21000000000000002,
    0.4
  ],
  "average_variance": 0.26999999999999996,
  "num_responses": 10,
  "parameters": {
    "scale": 10,
    "num_trials": 10,
    "temperature": 0.9,
    "cutoff": 10
  }
}