{
  "judge_model": "gpt-4o",
  "temperature": 0.5,
  "individual_variances": [
    0.08999999999999998,
    0.0,
    0.2,
    0.16,
    0.21000000000000005,
    0.0,
    0.0,
    0.20999999999999996,
    0.0,
    0.2899999999999999
  ],
  "average_variance": 0.11599999999999999,
  "num_responses": 10,
  "parameters": {
    "scale": 10,
    "num_trials": 10,
    "temperature": 0.5,
    "cutoff": 10
  }
}