{
  "judge_model": "gpt-4o",
  "temperature": 0.6,
  "individual_variances": [
    0.24000000000000005,
    0.09,
    0.24000000000000005,
    0.21000000000000002,
    0.09,
    0.0,
    0.0,
    0.24000000000000005,
    0.08999999999999998,
    0.21000000000000002
  ],
  "average_variance": 0.14100000000000001,
  "num_responses": 10,
  "parameters": {
    "scale": 10,
    "num_trials": 10,
    "temperature": 0.6
  }
}