{
  "judge_model": "gpt-3.5-turbo",
  "temperature": 0.1,
  "individual_variances": [
    0.0,
    0.1600000000000001,
    0.0,
    0.0,
    0.0,
    0.0,
    0.0,
    0.0,
    0.1600000000000001,
    0.0
  ],
  "average_variance": 0.032000000000000015,
  "num_responses": 10,
  "parameters": {
    "scale": 10,
    "num_trials": 10,
    "temperature": 0.1,
    "cutoff": 10
  }
}