{
  "judge_model": "gpt-3.5-turbo",
  "temperature": 0.5,
  "individual_variances": [
    0.0,
    0.24000000000000005,
    0.15999999999999998,
    0.24000000000000005,
    0.0,
    0.0,
    0.0,
    0.0,
    0.21000000000000002,
    0.08999999999999998
  ],
  "average_variance": 0.094,
  "num_responses": 10,
  "parameters": {
    "scale": 10,
    "num_trials": 10,
    "temperature": 0.5,
    "cutoff": 10
  }
}