{
  "judge_model": "gpt-4o-mini",
  "temperature": 0.9,
  "individual_variances": [
    0.0,
    0.08999999999999997,
    0.0,
    0.16,
    0.0,
    0.0,
    0.08999999999999998,
    0.20999999999999996,
    0.2,
    0.36
  ],
  "average_variance": 0.11099999999999999,
  "num_responses": 10,
  "parameters": {
    "scale": 10,
    "num_trials": 10,
    "temperature": 0.9,
    "cutoff": 10
  }
}