{
  "judge_model": "gpt-4o",
  "temperature": 0.7,
  "individual_variances": [
    0.24,
    0.0,
    0.41,
    0.24,
    0.08999999999999997,
    0.0,
    0.0,
    0.25,
    0.21000000000000002,
    0.43999999999999995
  ],
  "average_variance": 0.188,
  "num_responses": 10,
  "parameters": {
    "scale": 10,
    "num_trials": 10,
    "temperature": 0.7
  }
}