{
  "experiment": "1b",
  "description": "Testing model size vs judgment variance across temperatures",
  "parameters": {
    "scale": 10,
    "num_trials": 10,
    "cutoff": 10
  },
  "results": {
    "0.0": {
      "gpt-3.5-turbo": {
        "individual_variances": [
          0.0,
          0.0,
          0.0,
          0.0,
          0.0,
          0.0,
          0.0,
          0.0,
          0.0,
          0.0
        ],
        "average_variance": 0.0,
        "num_responses": 10
      },
      "gpt-4o-mini": {
        "individual_variances": [
          0.0,
          0.0,
          0.0,
          0.0,
          0.0,
          0.0,
          0.0,
          0.0,
          0.0,
          0.0
        ],
        "average_variance": 0.0,
        "num_responses": 10
      },
      "gpt-4o": {
        "individual_variances": [
          0.0,
          0.0,
          0.0,
          0.0,
          0.0,
          0.0,
          0.0,
          0.0,
          0.0,
          0.0
        ],
        "average_variance": 0.0,
        "num_responses": 10
      }
    },
    "0.1": {
      "gpt-3.5-turbo": {
        "individual_variances": [
          0.0,
          0.1600000000000001,
          0.0,
          0.0,
          0.0,
          0.0,
          0.0,
          0.0,
          0.1600000000000001,
          0.0
        ],
        "average_variance": 0.032000000000000015,
        "num_responses": 10
      },
      "gpt-4o-mini": {
        "individual_variances": [
          0.0,
          0.0,
          0.0,
          0.0,
          0.0,
          0.0,
          0.0,
          0.0,
          0.0,
          0.0
        ],
        "average_variance": 0.0,
        "num_responses": 10
      },
      "gpt-4o": {
        "individual_variances": [
          0.0,
          0.0,
          0.08999999999999998,
          0.0,
          0.0,
          0.0,
          0.0,
          0.08999999999999998,
          0.0,
          0.0
        ],
        "average_variance": 0.017999999999999995,
        "num_responses": 10
      }
    },
    "0.2": {
      "gpt-3.5-turbo": {
        "individual_variances": [
          0.0,
          0.21000000000000002,
          0.0,
          0.24000000000000005,
          0.0,
          0.0,
          0.0,
          0.0,
          0.25,
          0.0
        ],
        "average_variance": 0.07,
        "num_responses": 10
      },
      "gpt-4o-mini": {
        "individual_variances": [
          0.0,
          0.0,
          0.0,
          0.0,
          0.0,
          0.0,
          0.0,
          0.0,
          0.0,
          0.15999999999999998
        ],
        "average_variance": 0.015999999999999997,
        "num_responses": 10
      },
      "gpt-4o": {
        "individual_variances": [
          0.09,
          0.0,
          0.6399999999999999,
          0.0,
          0.0,
          0.0,
          0.0,
          0.21000000000000002,
          0.08999999999999998,
          0.0
        ],
        "average_variance": 0.10300000000000001,
        "num_responses": 10
      }
    },
    "0.3": {
      "gpt-3.5-turbo": {
        "individual_variances": [
          0.0,
          0.24000000000000005,
          0.09,
          0.25,
          0.0,
          0.0,
          0.0,
          0.0,
          0.21000000000000002,
          0.0
        ],
        "average_variance": 0.079,
        "num_responses": 10
      },
      "gpt-4o-mini": {
        "individual_variances": [
          0.0,
          0.0,
          0.0,
          0.0,
          0.0,
          0.0,
          0.0,
          0.0,
          0.0,
          0.15999999999999998
        ],
        "average_variance": 0.015999999999999997,
        "num_responses": 10
      },
      "gpt-4o": {
        "individual_variances": [
          0.09,
          0.0,
          0.24,
          0.09,
          0.08999999999999998,
          0.0,
          0.0,
          0.24,
          0.0,
          0.0
        ],
        "average_variance": 0.07499999999999998,
        "num_responses": 10
      }
    },
    "0.4": {
      "gpt-3.5-turbo": {
        "individual_variances": [
          0.0,
          0.16,
          0.09,
          0.20999999999999996,
          0.0,
          0.0,
          0.0,
          0.0,
          0.24,
          0.0
        ],
        "average_variance": 0.06999999999999999,
        "num_responses": 10
      },
      "gpt-4o-mini": {
        "individual_variances": [
          0.0,
          0.0,
          0.15999999999999998,
          0.0,
          0.0,
          0.0,
          0.0,
          0.16000000000000006,
          0.0,
          0.21000000000000002
        ],
        "average_variance": 0.053000000000000005,
        "num_responses": 10
      },
      "gpt-4o": {
        "individual_variances": [
          0.0,
          0.0,
          0.24000000000000005,
          0.09,
          0.09,
          0.0,
          0.0,
          0.25,
          0.0,
          0.21000000000000002
        ],
        "average_variance": 0.08800000000000001,
        "num_responses": 10
      }
    },
    "0.5": {
      "gpt-3.5-turbo": {
        "individual_variances": [
          0.0,
          0.24000000000000005,
          0.15999999999999998,
          0.24000000000000005,
          0.0,
          0.0,
          0.0,
          0.0,
          0.21000000000000002,
          0.08999999999999998
        ],
        "average_variance": 0.094,
        "num_responses": 10
      },
      "gpt-4o-mini": {
        "individual_variances": [
          0.0,
          0.0,
          0.0,
          0.0,
          0.0,
          0.0,
          0.0,
          0.1600000000000001,
          0.0,
          0.21000000000000002
        ],
        "average_variance": 0.03700000000000001,
        "num_responses": 10
      },
      "gpt-4o": {
        "individual_variances": [
          0.08999999999999998,
          0.0,
          0.2,
          0.16,
          0.21000000000000005,
          0.0,
          0.0,
          0.20999999999999996,
          0.0,
          0.2899999999999999
        ],
        "average_variance": 0.11599999999999999,
        "num_responses": 10
      }
    },
    "0.6": {
      "gpt-3.5-turbo": {
        "individual_variances": [
          0.0,
          0.16,
          0.09,
          0.24,
          0.0,
          0.0,
          0.0,
          0.08999999999999997,
          0.24000000000000005,
          0.08999999999999998
        ],
        "average_variance": 0.091,
        "num_responses": 10
      },
      "gpt-4o-mini": {
        "individual_variances": [
          0.08999999999999998,
          0.0,
          0.0,
          0.0,
          0.0,
          0.0,
          0.0,
          0.09,
          0.0,
          0.25
        ],
        "average_variance": 0.043,
        "num_responses": 10
      },
      "gpt-4o": {
        "individual_variances": [
          0.20999999999999996,
          0.0,
          0.36,
          0.16000000000000003,
          0.09,
          0.0,
          0.15999999999999998,
          0.24,
          0.09,
          0.48999999999999994
        ],
        "average_variance": 0.18,
        "num_responses": 10
      }
    },
    "0.7": {
      "gpt-3.5-turbo": {
        "individual_variances": [
          0.0,
          0.24000000000000005,
          0.09,
          0.24000000000000005,
          0.0,
          0.0,
          0.0,
          0.08999999999999998,
          0.21000000000000005,
          0.0
        ],
        "average_variance": 0.08700000000000001,
        "num_responses": 10
      },
      "gpt-4o-mini": {
        "individual_variances": [
          0.0,
          0.0,
          0.0,
          0.0,
          0.0,
          0.0,
          0.0,
          0.08999999999999998,
          0.08999999999999998,
          0.24
        ],
        "average_variance": 0.041999999999999996,
        "num_responses": 10
      },