{
  "judge_model": "gpt-3.5-turbo",
  "temperature": 0.9,
  "individual_variances": [
    0.08999999999999997,
    0.21000000000000002,
    0.0,
    0.25,
    0.0,
    0.0,
    0.0,
    0.16,
    0.25,
    0.2899999999999999
  ],
  "average_variance": 0.125,
  "num_responses": 10,
  "parameters": {
    "scale": 10,
    "num_trials": 10,
    "temperature": 0.9
  }
}