{
  "judge_model": "gpt-4o",
  "temperature": 0.2,
  "individual_variances": [
    0.09,
    0.0,
    0.6399999999999999,
    0.0,
    0.0,
    0.0,
    0.0,
    0.21000000000000002,
    0.08999999999999998,
    0.0
  ],
  "average_variance": 0.10300000000000001,
  "num_responses": 10,
  "parameters": {
    "scale": 10,
    "num_trials": 10,
    "temperature": 0.2,
    "cutoff": 10
  }
}