{
  "judge_model": "gpt-4o",
  "temperature": 0.9,
  "individual_variances": [
    0.20999999999999996,
    0.0,
    0.08999999999999998,
    0.08999999999999998,
    0.08999999999999997,
    0.08999999999999998,
    0.0,
    0.24,
    0.2899999999999999,
    0.21000000000000002
  ],
  "average_variance": 0.13099999999999995,
  "num_responses": 10,
  "parameters": {
    "scale": 10,
    "num_trials": 10,
    "temperature": 0.9
  }
}