{
  "judge_model": "gpt-4o-mini",
  "temperature": 0.9,
  "individual_variances": [
    0.09,
    0.0,
    0.0,
    0.08999999999999998,
    0.0,
    0.0,
    0.0,
    0.16000000000000003,
    0.08999999999999997,
    0.09
  ],
  "average_variance": 0.052000000000000005,
  "num_responses": 10,
  "parameters": {
    "scale": 10,
    "num_trials": 10,
    "temperature": 0.9
  }
}