{
  "judge_model": "gpt-4o",
  "temperature": 0.3,
  "individual_variances": [
    0.09,
    0.0,
    0.24,
    0.09,
    0.08999999999999998,
    0.0,
    0.0,
    0.24,
    0.0,
    0.0
  ],
  "average_variance": 0.07499999999999998,
  "num_responses": 10,
  "parameters": {
    "scale": 10,
    "num_trials": 10,
    "temperature": 0.3,
    "cutoff": 10
  }
}