{
  "judge_model": "gpt-4o",
  "temperature": 0.8,
  "individual_variances": [
    0.24000000000000005,
    0.0,
    0.5599999999999999,
    0.24,
    0.16000000000000003,
    0.0,
    0.0,
    0.24,
    0.08999999999999997,
    0.08999999999999997
  ],
  "average_variance": 0.162,
  "num_responses": 10,
  "parameters": {
    "scale": 10,
    "num_trials": 10,
    "temperature": 0.8
  }
}