{
  "experiment": "3d",
  "description": "Testing model size vs judgment variance with reference examples",
  "parameters": {
    "scale": 10,
    "num_trials": 10,
    "cutoff": 80
  },
  "results": {
    "0.3": {
      "gpt-3.5-turbo": {
        "individual_variances": [
          0.0,
          0.0,
          0.0,
          0.0,
          0.0,
          0.09,
          0.0,
          0.0,
          0.0,
          0.0,
          0.0,
          0.0,
          0.0,
          0.0,
          0.0,
          0.0,
          0.0,
          0.0,
          0.0,
          0.0,
          0.0,
          0.35999999999999993,
          0.0,
          12.959999999999999,
          0.0,
          0.36,
          0.0,
          0.16000000000000003,
          0.21000000000000002,
          0.20999999999999996,
          0.24,
          0.08999999999999998,
          0.21000000000000002,
          0.25,
          0.24,
          0.8099999999999999,
          0.0,
          0.0,
          0.0,
          0.0,
          0.0,
          0.20999999999999996,
          0.0,
          0.0,
          0.0,
          0.24000000000000005,
          0.0,
          0.09,
          0.25,
          0.09,
          0.09,
          0.35999999999999993,
          0.09,
          0.15999999999999998,
          0.0,
          0.16000000000000003,
          0.16,
          0.0,
          0.0,
          0.08999999999999998,
          0.0,
          0.21000000000000002,
          0.0,
          0.0,
          0.0,
          0.0,
          0.0,
          0.0,
          0.0,
          0.0,
          0.0,
          0.0,
          0.0,
          0.0,
          0.0,
          0.0,
          0.0,
          0.0,
          0.0,
          0.0
        ],
        "average_variance": 0.22987499999999997,
        "num_responses": 80,
        "retry_count": 0
      },
      "gpt-4o-mini": {
        "individual_variances": [
          0.0,
          0.0,
          0.0,
          0.0,
          0.0,
          0.0,
          0.0,
          0.0,
          0.24,
          0.0,
          0.0,
          0.15999999999999998,
          0.0,
          0.0,
          0.15999999999999998,
          0.21000000000000002,
          0.0,
          0.0,
          0.0,
          0.08999999999999997,
          0.0,
          0.61,
          0.0,
          0.0,
          0.0,
          0.0,
          0.0,
          0.09,
          0.0,
          0.0,
          0.24,
          0.0,
          0.0,
          0.0,
          0.0,
          0.15999999999999998,
          0.0,
          0.09,
          0.0,
          0.0,
          0.0,
          0.0,
          0.0,
          0.45,
          0.0,
          0.0,
          0.0,
          0.08999999999999998,
          0.0,
          0.0,
          0.0,
          0.0,
          0.0,
          0.24000000000000005,
          0.0,
          0.08999999999999998,
          0.15999999999999998,
          0.21000000000000002,
          0.0,
          0.0,
          0.0,
          0.0,
          0.0,
          0.0,
          0.0,
          0.0,
          0.0,
          0.0,
          0.0,
          0.09,
          0.0,
          0.0,
          0.0,
          0.0,
          0.0,
          0.0
        ],
        "average_variance": 0.04447368421052631,
        "num_responses": 76,
        "retry_count": 0
      },
      "gpt-4o": {
        "individual_variances": [
          0.0,
          0.0,
          0.0,
          0.0,
          0.0,
          0.0,
          0.0,
          0.24000000000000005,
          0.16000000000000003,
          0.09,
          0.45,
          0.43999999999999984,
          0.43999999999999995,
          0.0,
          0.24,
          0.0,
          0.0,
          0.0,
          0.0,
          0.15999999999999998,
          0.0,
          0.09,
          0.16000000000000003,
          2.05,
          0.6,
          0.0,
          0.0,
          0.0,
          0.1600000000000001,
          0.24,
          0.08999999999999998,
          0.0,
          0.0,
          0.0,
          0.0,
          0.36,
          0.0,
          0.35999999999999993,
          0.0,
          0.0,
          0.0,
          0.09,
          0.0,
          0.15999999999999998,
          0.09,
          0.61,
          0.0,
          0.09,
          0.0,
          0.15999999999999998,
          0.0,
          0.0,
          0.0,
          0.0,
          0.0,
          0.0,
          0.0,
          0.21000000000000002,
          0.16,
          0.21000000000000005,
          0.0,
          0.0,
          0.0,
          0.09,
          0.21000000000000002,
          0.0,
          0.0,
          0.0,
          0.0,
          0.0,
          0.0,
          0.0,
          0.09,
          0.0,
          0.0,
          0.0,
          0.0,
          0.0,
          0.20999999999999996,
          0.0
        ],
        "average_variance": 0.10887500000000001,
        "num_responses": 80,
        "retry_count": 0
      }
    },
    "0.5": {
      "gpt-3.5-turbo": {
        "individual_variances": [
          0.0,
          0.0,
          0.09,
          0.0,
          0.09,
          0.0,
          0.0,
          0.0,
          0.08999999999999998,
          0.0,
          0.0,
          0.0,
          0.1600000000000001,
          0.0,
          0.24,
          0.0,
          0.0,
          0.16,
          0.0,
          0.0,
          0.0,
          0.6399999999999999,
          0.16,
          17.009999999999998,
          0.0,
          0.2899999999999999,
          0.15999999999999998,
          0.21000000000000005,
          0.21000000000000002,
          0.25,
          0.21000000000000005,
          0.65,
          0.21000000000000005,
          0.24,
          0.41000000000000003,
          1.6900000000000002,
          0.0,
          0.1600000000000001,
          0.0,
          0.0,
          0.0,
          0.08999999999999998,
          0.0,
          0.0,
          0.0,
          0.20999999999999996,
          0.0,
          0.08999999999999997,
          0.24,
          0.41,
          3.25,
          0.25,
          0.0,
          0.8,
          0.08999999999999998,
          0.24000000000000005,
          0.09,
          0.2525,
          0.21000000000000002,
          0.16000000000000003,
          0.0,
          0.21000000000000002,
          0.0,
          0.0,
          0.0,
          0.0,
          0.0,
          0.0,
          0.09,
          0.0,
          0.21000000000000002,
          0.0,
          0.0,
          0.0,
          0.0,
          0.0,
          0.0,
          0.0,
          0.0,
          0.0
        ],
        "average_variance": 0.37778125,
        "num_responses": 80,
        "retry_count": 0
      },