{
  "judge_model": "gpt-3.5-turbo",
  "temperature": 0.3,
  "individual_variances": [
    0.0,
    0.0,
    0.0,
    0.0,
    0.0,
    0.09,
    0.0,
    0.0,
    0.0,
    0.0,
    0.0,
    0.0,
    0.0,
    0.0,
    0.0,
    0.0,
    0.0,
    0.0,
    0.0,
    0.0,
    0.0,
    0.35999999999999993,
    0.0,
    12.959999999999999,
    0.0,
    0.36,
    0.0,
    0.16000000000000003,
    0.21000000000000002,
    0.20999999999999996,
    0.24,
    0.08999999999999998,
    0.21000000000000002,
    0.25,
    0.24,
    0.8099999999999999,
    0.0,
    0.0,
    0.0,
    0.0,
    0.0,
    0.20999999999999996,
    0.0,
    0.0,
    0.0,
    0.24000000000000005,
    0.0,
    0.09,
    0.25,
    0.09,
    0.09,
    0.35999999999999993,
    0.09,
    0.15999999999999998,
    0.0,
    0.16000000000000003,
    0.16,
    0.0,
    0.0,
    0.08999999999999998,
    0.0,
    0.21000000000000002,
    0.0,
    0.0,
    0.0,
    0.0,
    0.0,
    0.0,
    0.0,
    0.0,
    0.0,
    0.0,
    0.0,
    0.0,
    0.0,
    0.0,
    0.0,
    0.0,
    0.0,
    0.0
  ],
  "average_variance": 0.22987499999999997,
  "num_responses": 80,
  "retry_count": 0,
  "parameters": {
    "scale": 10,
    "num_trials": 10,
    "temperature": 0.3,
    "cutoff": 80
  }
}