{
  "judge_model": "gpt-4o",
  "temperature": 0.6,
  "individual_variances": [
    0.0,
    0.09,
    1.01,
    0.35999999999999993,
    0.0,
    0.16000000000000003,
    0.0,
    0.09,
    0.08999999999999998,
    0.43999999999999995
  ],
  "average_variance": 0.22400000000000003,
  "num_responses": 10,
  "parameters": {
    "scale": 10,
    "num_trials": 10,
    "temperature": 0.6,
    "cutoff": 10
  }
}