{
  "judge_model": "gpt-3.5-turbo",
  "temperature": 0.8,
  "individual_variances": [
    0.09,
    0.21000000000000005,
    0.2899999999999999,
    0.16000000000000003,
    0.0,
    0.0,
    0.0,
    0.21000000000000005,
    0.16000000000000006,
    0.29000000000000004
  ],
  "average_variance": 0.14100000000000001,
  "num_responses": 10,
  "parameters": {
    "scale": 10,
    "num_trials": 10,
    "temperature": 0.8,
    "cutoff": 10
  }
}