{
  "judge_model": "gpt-3.5-turbo",
  "temperature": 1.0,
  "individual_variances": [
    0.0,
    0.0,
    0.21000000000000002,
    0.08999999999999998,
    0.08999999999999998,
    0.1600000000000001,
    0.0,
    0.0,
    0.25,
    0.09,
    0.0,
    0.0,
    0.16000000000000006,
    0.0,
    0.24000000000000005,
    0.0,
    0.0,
    0.21000000000000005,
    0.21000000000000005,
    0.25,
    0.41,
    0.16,
    0.09,
    10.84,
    0.08999999999999998,
    1.2099999999999997,
    0.41,
    0.48999999999999994,
    0.2899999999999999,
    0.36,
    0.41000000000000003,
    0.6399999999999999,
    0.24000000000000005,
    0.21000000000000002,
    0.43999999999999995,
    1.21,
    0.69,
    0.08999999999999997,
    0.09,
    0.0,
    0.20999999999999996,
    0.24,
    0.0,
    0.16000000000000003,
    0.0,
    0.24000000000000005,
    0.20999999999999996,
    0.24,
    0.20999999999999996,
    0.15999999999999998,
    3.25,
    0.69,
    0.09,
    0.6100000000000001,
    0.21000000000000002,
    0.24000000000000005,
    0.21000000000000002,
    0.1,
    0.25,
    0.21000000000000002,
    0.0,
    0.25,
    0.08999999999999997,
    0.0,
    0.0,
    0.0,
    0.0,
    0.0,
    0.08999999999999998,
    0.0,
    0.21000000000000002,
    0.16,
    0.0,
    0.0,
    0.0,
    0.0,
    0.0,
    0.0,
    0.0,
    0.0
  ],
  "average_variance": 0.35825000000000007,
  "num_responses": 80,
  "retry_count": 0,
  "parameters": {
    "scale": 10,
    "num_trials": 10,
    "temperature": 1.0,
    "cutoff": 80
  }
}