{
  "judge_model": "gpt-4o",
  "temperature": 0.8,
  "individual_variances": [
    0.16,
    0.08999999999999997,
    1.8,
    0.21000000000000002,
    0.16,
    0.0,
    0.0,
    0.21000000000000002,
    0.76,
    0.48999999999999994
  ],
  "average_variance": 0.38799999999999996,
  "num_responses": 10,
  "parameters": {
    "scale": 10,
    "num_trials": 10,
    "temperature": 0.8,
    "cutoff": 10
  }
}