{
  "judge_model": "gpt-4o",
  "temperature": 1.0,
  "individual_variances": [
    0.16000000000000003,
    0.08999999999999998,
    0.6399999999999999,
    0.21000000000000002,
    0.29,
    0.16000000000000003,
    0.16,
    0.24,
    0.25,
    0.41
  ],
  "average_variance": 0.261,
  "num_responses": 10,
  "parameters": {
    "scale": 10,
    "num_trials": 10,
    "temperature": 1.0,
    "cutoff": 10
  }
}