{
  "judge_model": "gpt-4o",
  "temperature": 1.0,
  "individual_variances": [
    0.0,
    0.21000000000000002,
    0.0,
    0.24000000000000005,
    0.08999999999999998,
    0.24,
    0.0,
    0.24,
    0.21000000000000002,
    0.24,
    0.44000000000000006,
    1.44,
    0.41,
    0.0,
    0.24000000000000005,
    0.0,
    0.09,
    0.20999999999999996,
    0.2,
    0.25,
    0.20999999999999996,
    0.41000000000000003,
    0.21000000000000002,
    4.89,
    2.4,
    3.84,
    0.0,
    0.0,
    0.64,
    0.21000000000000002,
    0.16000000000000003,
    0.0,
    0.15999999999999998,
    0.0,
    0.0,
    1.01,
    0.0,
    0.6100000000000001,
    0.0,
    0.0,
    0.20999999999999996,
    0.24,
    0.16000000000000006,
    0.24000000000000005,
    0.29,
    1.3599999999999999,
    0.16000000000000003,
    0.29,
    0.16,
    0.24000000000000005,
    0.21000000000000002,
    0.0,
    0.0,
    0.41,
    0.6100000000000002,
    0.45,
    0.21000000000000005,
    0.25,
    0.61,
    2.96,
    0.0,
    0.09,
    0.16000000000000003,
    0.25,
    0.24,
    0.24000000000000005,
    0.08999999999999998,
    0.2,
    0.08999999999999998,
    0.08999999999999997,
    0.08999999999999998,
    0.09,
    0.16,
    0.08999999999999998,
    0.0,
    0.0,
    0.16,
    0.09,
    0.21000000000000005,
    0.0
  ],
  "average_variance": 0.3862499999999999,
  "num_responses": 80,
  "retry_count": 0,
  "parameters": {
    "scale": 10,
    "num_trials": 10,
    "temperature": 1.0,
    "cutoff": 80
  }
}