{
  "judge_model": "gpt-4o",
  "temperature": 0.7,
  "individual_variances": [
    0.0,
    0.0,
    1.04,
    0.08999999999999997,
    0.0,
    0.24,
    0.08999999999999998,
    0.24000000000000005,
    0.41,
    0.21000000000000002
  ],
  "average_variance": 0.23199999999999998,
  "num_responses": 10,
  "parameters": {
    "scale": 10,
    "num_trials": 10,
    "temperature": 0.7,
    "cutoff": 10
  }
}