{
  "judge_model": "gpt-4o-mini",
  "temperature": 0.5,
  "individual_variances": [
    0.0,
    0.0,
    0.0,
    0.0,
    0.0,
    0.0,
    0.0,
    0.08999999999999997,
    0.08999999999999998,
    0.15999999999999998,
    0.0,
    0.15999999999999998,
    0.16000000000000003,
    0.0,
    0.0,
    0.0,
    0.4400000000000001,
    0.0,
    0.0,
    0.16000000000000003,
    0.0,
    0.16,
    0.09,
    0.0,
    0.08999999999999998,
    0.21000000000000005,
    0.45,
    0.16000000000000003,
    0.21000000000000002,
    0.0,
    0.0,
    0.09,
    0.0,
    0.0,
    0.0,
    1.3599999999999999,
    0.0,
    0.09,
    0.09,
    0.0,
    0.0,
    0.0,
    0.0,
    0.0,
    0.35999999999999993,
    0.0,
    0.21000000000000002,
    0.20999999999999996,
    0.21000000000000002,
    0.0,
    0.0,
    0.0,
    0.0,
    0.0,
    0.0,
    0.0,
    0.0,
    0.0,
    0.16000000000000006,
    0.0,
    0.08999999999999998,
    0.20999999999999996,
    0.0,
    0.0,
    0.0,
    0.0,
    0.0,
    0.0
  ],
  "average_variance": 0.08397058823529412,
  "num_responses": 68,
  "retry_count": 0,
  "parameters": {
    "scale": 10,
    "num_trials": 10,
    "temperature": 0.5,
    "cutoff": 80
  }
}