{
  "judge_model": "gpt-3.5-turbo",
  "temperature": 0.5,
  "individual_variances": [
    0.0,
    0.0,
    0.09,
    0.0,
    0.09,
    0.0,
    0.0,
    0.0,
    0.08999999999999998,
    0.0,
    0.0,
    0.0,
    0.1600000000000001,
    0.0,
    0.24,
    0.0,
    0.0,
    0.16,
    0.0,
    0.0,
    0.0,
    0.6399999999999999,
    0.16,
    17.009999999999998,
    0.0,
    0.2899999999999999,
    0.15999999999999998,
    0.21000000000000005,
    0.21000000000000002,
    0.25,
    0.21000000000000005,
    0.65,
    0.21000000000000005,
    0.24,
    0.41000000000000003,
    1.6900000000000002,
    0.0,
    0.1600000000000001,
    0.0,
    0.0,
    0.0,
    0.08999999999999998,
    0.0,
    0.0,
    0.0,
    0.20999999999999996,
    0.0,
    0.08999999999999997,
    0.24,
    0.41,
    3.25,
    0.25,
    0.0,
    0.8,
    0.08999999999999998,
    0.24000000000000005,
    0.09,
    0.2525,
    0.21000000000000002,
    0.16000000000000003,
    0.0,
    0.21000000000000002,
    0.0,
    0.0,
    0.0,
    0.0,
    0.0,
    0.0,
    0.09,
    0.0,
    0.21000000000000002,
    0.0,
    0.0,
    0.0,
    0.0,
    0.0,
    0.0,
    0.0,
    0.0,
    0.0
  ],
  "average_variance": 0.37778125,
  "num_responses": 80,
  "retry_count": 0,
  "parameters": {
    "scale": 10,
    "num_trials": 10,
    "temperature": 0.5,
    "cutoff": 80
  }
}