{
  "judge_model": "gpt-4o-mini",
  "temperature": 1.0,
  "individual_variances": [
    0.0,
    0.0,
    0.0,
    0.0,
    0.16,
    0.0,
    0.48999999999999994,
    0.43999999999999995,
    0.0,
    0.0,
    0.6399999999999999,
    0.0,
    0.25,
    0.21000000000000002,
    0.0,
    0.85,
    0.0,
    0.0,
    0.21000000000000002,
    0.0,
    0.21000000000000002,
    0.24000000000000005,
    0.0,
    0.24,
    0.0,
    0.09,
    0.21000000000000002,
    0.15999999999999998,
    0.5599999999999999,
    0.25,
    0.0,
    0.1600000000000001,
    0.08999999999999998,
    0.0,
    0.0,
    2.29,
    0.16,
    3.56,
    0.24000000000000005,
    0.21000000000000002,
    0.09,
    0.24,
    0.08999999999999998,
    0.0,
    0.0,
    0.0,
    0.09,
    0.8100000000000002,
    0.0,
    0.0,
    0.0,
    0.16,
    0.0,
    0.0,
    0.0,
    0.0,
    0.0,
    0.09,
    0.08999999999999998,
    0.0,
    0.08999999999999998,
    0.16,
    0.0,
    0.0,
    0.0,
    0.0,
    0.09,
    0.08999999999999998,
    0.0
  ],
  "average_variance": 0.20304347826086958,
  "num_responses": 69,
  "retry_count": 0,
  "parameters": {
    "scale": 10,
    "num_trials": 10,
    "temperature": 1.0,
    "cutoff": 80
  }
}