{
  "judge_model": "gpt-4o-mini",
  "temperature": 1.0,
  "individual_variances": [
    0.0,
    0.0,
    0.09,
    0.0,
    0.0,
    0.21000000000000005,
    0.0,
    0.24,
    0.0,
    0.15999999999999998
  ],
  "average_variance": 0.06999999999999999,
  "num_responses": 10,
  "parameters": {
    "scale": 10,
    "num_trials": 10,
    "temperature": 1.0,
    "cutoff": 10
  }
}