{
  "experiment": "3b",
  "description": "Testing model size vs judgment variance with reference examples",
  "parameters": {
    "scale": 10,
    "num_trials": 10,
    "cutoff": 80
  },
  "results": {
    "0.3": {
      "gpt-3.5-turbo": {
        "individual_variances": [
          0.0,
          0.0,
          0.24,
          0.16000000000000003,
          0.0,
          0.0,
          0.0,
          0.0,
          0.08999999999999998,
          0.16000000000000003,
          0.0,
          0.0,
          0.0,
          0.0,
          0.20999999999999996,
          0.0,
          0.0,
          0.24,
          0.0,
          0.0,
          0.0,
          0.0,
          0.21000000000000005,
          12.960000000000003,
          0.16000000000000003,
          0.0,
          0.0,
          0.0,
          0.0,
          0.24000000000000005,
          0.16,
          0.0,
          0.43999999999999984,
          0.25,
          0.0,
          0.0,
          0.0,
          0.0,
          0.0,
          0.0,
          0.0,
          0.0,
          0.09,
          0.24000000000000005,
          0.16000000000000006,
          0.25,
          0.16000000000000003,
          0.0,
          0.0,
          0.0,
          0.6899999999999998,
          0.96,
          0.0,
          0.8100000000000002,
          0.20999999999999996,
          0.0,
          0.0,
          0.039999999999999994,
          0.0,
          0.0,
          0.0,
          0.08999999999999997,
          0.0,
          0.0,
          0.0,
          0.0,
          0.0,
          0.0,
          0.0,
          0.0,
          0.0,
          0.24,
          0.0,
          0.09,
          0.0,
          0.0,
          0.0,
          0.0,
          0.15999999999999998,
          0.0
        ],
        "average_variance": 0.246375,
        "num_responses": 80
      },
      "gpt-4o-mini": {
        "individual_variances": [
          0.0,
          0.0,
          0.0,
          0.0,
          0.0,
          0.0,
          0.0,
          0.08999999999999997,
          0.24,
          0.0,
          0.0,
          0.21000000000000002,
          0.0,
          0.0,
          0.15999999999999998,
          0.0,
          0.0,
          0.0,
          0.0,
          0.0,
          0.0,
          0.65,
          0.0,
          0.0,
          0.0,
          0.0,
          0.0,
          0.0,
          0.16,
          0.0,
          0.0,
          0.0,
          0.0,
          0.0,
          0.0,
          0.0,
          0.0,
          0.0,
          0.0,
          0.25,
          0.15999999999999998,
          0.0,
          0.0,
          0.0,
          0.09,
          0.6,
          0.0,
          0.0,
          0.08999999999999998,
          0.09,
          0.08999999999999997,
          0.0,
          0.0,
          0.0,
          0.0,
          1.81,
          0.0,
          0.0,
          0.0,
          0.0,
          0.0,
          0.16000000000000003,
          0.08999999999999998,
          0.0,
          0.0,
          0.0,
          0.0,
          0.0,
          0.08999999999999998,
          0.09,
          0.0,
          0.0,
          0.20999999999999996,
          0.0,
          0.0,
          0.0,
          0.0,
          0.0,
          0.08999999999999998,
          0.0
        ],
        "average_variance": 0.06774999999999999,
        "num_responses": 80
      },
      "gpt-4o": {
        "individual_variances": [
          0.0,
          0.24000000000000005,
          0.0,
          0.0,
          0.0,
          0.0,
          0.0,
          0.0,
          0.0,
          0.0,
          0.24000000000000005,
          0.6399999999999999,
          0.0,
          0.0,
          0.25,
          0.0,
          0.08999999999999998,
          0.0,
          0.08999999999999998,
          0.36,
          0.0,
          0.09,
          0.1600000000000001,
          1.44,
          0.61,
          1.4400000000000002,
          0.0,
          0.0,
          0.45,
          0.0,
          0.0,
          0.0,
          0.0,
          0.0,
          0.0,
          0.85,
          0.0,
          0.24,
          0.0,
          0.0,
          0.16,
          0.16,
          0.35999999999999993,
          0.0,
          0.21000000000000002,
          0.08999999999999998,
          0.0,
          0.0,
          0.0,
          0.0,
          0.0,
          0.24000000000000005,
          0.0,
          0.0,
          0.2,
          0.25,
          0.0,
          0.0,
          0.25,
          0.0,
          0.0,
          0.0,
          0.21000000000000002,
          0.0,
          0.0,
          0.09,
          0.0,
          0.25
        ],
        "average_variance": 0.1420588235294118,
        "num_responses": 68
      }
    },
    "0.5": {
      "gpt-3.5-turbo": {
        "individual_variances": [
          0.0,
          0.0,
          0.25,
          0.0,
          0.0,
          0.09,
          0.0,
          0.0,
          0.24,
          0.16000000000000003,
          0.0,
          0.0,
          0.0,
          0.0,
          0.25,
          0.15999999999999998,
          0.0,
          0.25,
          0.0,
          0.08999999999999998,
          0.0,
          0.0,
          0.16000000000000003,
          17.01,
          0.09,
          0.0,
          0.0,
          0.08999999999999998,
          0.09,
          0.45,
          0.41,
          0.0,
          0.21000000000000005,
          0.44000000000000006,
          0.6399999999999999,
          1.41,
          0.36,
          0.09,
          0.0,
          0.0,
          0.0,
          0.08999999999999997,
          0.0,
          0.21000000000000002,
          0.21000000000000002,
          0.16000000000000003,
          0.16000000000000003,
          0.21000000000000002,
          0.0,
          0.15999999999999998,
          0.15999999999999998,
          2.84,
          0.36,
          0.9600000000000002,
          0.25,
          0.0,
          0.0,
          0.052500000000000005,
          0.21000000000000005,
          0.09,
          0.0,
          0.21000000000000002,
          0.0,
          0.0,
          0.0,
          0.16000000000000003,
          0.0,
          0.0,
          0.08999999999999998,
          0.0,
          0.0,
          0.1600000000000001,
          0.0,
          0.0,
          0.0,
          0.0,
          0.0,
          0.09,
          0.0,
          0.0
        ],
        "average_variance": 0.3721562500000001,
        "num_responses": 80
      },
      "gpt-4o-mini": {
        "individual_variances": [
          0.0,
          0.0,
          0.0,
          0.0,
          0.0,
          0.16,
          0.0,
          0.08999999999999998,
          0.24,
          0.0,
          0.0,
          0.0,
          0.0,
          0.0,
          0.25,
          0.0,
          0.0,
          0.0,
          0.0,
          0.0,
          0.0,
          0.43999999999999995,
          0.0,
          0.0,
          0.21000000000000002,
          0.16000000000000003,
          0.0,
          0.0,
          0.24,
          0.0,
          0.20999999999999996,
          0.0,
          0.0,
          0.16000000000000003,
          0.0,
          0.08999999999999998,
          0.0,
          0.24,
          0.0,
          0.24,
          0.24,
          0.0,
          0.0,
          0.0,
          0.20999999999999996,
          1.65,
          0.0,
          0.24,
          0.09,
          0.21000000000000002,
          0.0,
          0.0,
          0.0,
          0.0,
          0.08999999999999997,
          1.81,
          0.0,
          0.0,
          0.0,
          0.0,
          0.0,
          0.25,
          0.16,
          0.0,
          0.0,
          0.0,
          0.0,
          0.0,
          0.16,
          0.0,
          0.0,
          0.0,
          0.24,
          0.0,
          0.0,
          0.0,
          0.08999999999999998,
          0.0,
          0.24000000000000005,
          0.0
        ],