{
  "judge_model": "gpt-4o",
  "temperature": 1.0,
  "individual_variances": [
    0.21000000000000002,
    0.2,
    0.6399999999999999,
    0.16000000000000003,
    0.0,
    0.1600000000000001,
    0.24000000000000005,
    0.24,
    0.5599999999999999
  ],
  "average_variance": 0.2677777777777778,
  "num_responses": 9,
  "parameters": {
    "scale": 10,
    "num_trials": 10,
    "temperature": 1.0,
    "cutoff": 10
  }
}