{
  "judge_model": "gpt-3.5-turbo",
  "temperature": 0.7,
  "individual_variances": [
    0.0,
    0.0,
    0.24,
    0.16000000000000006,
    0.0,
    0.09,
    0.0,
    0.15999999999999998,
    0.20999999999999996,
    0.21000000000000002,
    0.0,
    0.0,
    0.1600000000000001,
    0.0,
    0.24,
    0.24,
    0.08999999999999998,
    0.25,
    0.4,
    0.09,
    0.0,
    0.0,
    0.21000000000000005,
    7.290000000000001,
    0.56,
    0.0,
    0.0,
    0.44000000000000006,
    0.08999999999999998,
    0.41000000000000003
  ],
  "average_variance": 0.3846666666666667,
  "num_responses": 30,
  "parameters": {
    "scale": 10,
    "num_trials": 10,
    "temperature": 0.7,
    "cutoff": 30
  }
}