{
  "judge_model": "gpt-3.5-turbo",
  "temperature": 1.0,
  "individual_variances": [
    0.0,
    0.08999999999999998,
    0.1600000000000001,
    0.24,
    0.24000000000000005,
    0.0,
    0.08999999999999997,
    0.08999999999999998,
    0.24000000000000005,
    0.25,
    0.0,
    0.0,
    0.0,
    0.0,
    0.35999999999999993,
    0.21000000000000005,
    0.0,
    0.21000000000000002,
    0.08999999999999998,
    0.24,
    0.0,
    0.41000000000000003,
    0.25,
    12.6,
    0.65,
    1.44,
    0.41000000000000003,
    0.21000000000000002,
    0.08999999999999997,
    0.36,
    0.08999999999999998,
    1.41,
    0.6,
    0.6100000000000001,
    0.3599999999999999,
    3.2,
    0.16,
    0.41,
    0.35999999999999993,
    0.0,
    0.0,
    0.25,
    0.0,
    0.6,
    0.21000000000000002,
    0.61,
    0.16000000000000006,
    0.36,
    0.08999999999999998,
    0.2899999999999999,
    1.64,
    3.4900000000000007,
    0.41,
    0.41,
    0.41,
    0.65,
    0.20999999999999996,
    0.022499999999999985,
    0.65,
    0.15999999999999998,
    0.21000000000000002,
    0.16,
    0.0,
    0.0,
    0.0,
    0.21000000000000002,
    0.0,
    0.21000000000000002,
    0.16000000000000006,
    0.0,
    0.15999999999999998,
    0.45,
    0.09,
    0.08999999999999997,
    0.0,
    0.0,
    0.08999999999999998,
    0.0,
    0.24000000000000005,
    0.24000000000000005
  ],
  "average_variance": 0.4882812499999999,
  "num_responses": 80,
  "parameters": {
    "scale": 10,
    "num_trials": 10,
    "temperature": 1.0,
    "cutoff": 80
  }
}