{
  "judge_model": "gpt-4o",
  "temperature": 0.8,
  "individual_variances": [
    0.0,
    0.25,
    0.21000000000000005,
    0.16000000000000003,
    0.08999999999999998,
    0.16,
    0.0,
    0.16,
    0.08999999999999998,
    0.24,
    0.2,
    0.6399999999999999,
    0.15999999999999998,
    0.09,
    0.16000000000000003,
    0.09,
    0.20999999999999996,
    0.08999999999999997,
    0.24,
    0.15999999999999998,
    0.0,
    2.01,
    0.15999999999999998,
    0.65,
    1.2400000000000002,
    3.2400000000000007,
    0.0,
    0.16,
    0.21000000000000002,
    0.0
  ],
  "average_variance": 0.36900000000000005,
  "num_responses": 30,
  "parameters": {
    "scale": 10,
    "num_trials": 10,
    "temperature": 0.8,
    "cutoff": 30
  }
}