{
  "judge_model": "gpt-4o",
  "temperature": 0.9,
  "individual_variances": [
    0.21000000000000005,
    0.0,
    1.41,
    0.09,
    0.16,
    0.24,
    0.09,
    0.21000000000000002,
    0.25,
    0.5599999999999999
  ],
  "average_variance": 0.32199999999999995,
  "num_responses": 10,
  "parameters": {
    "scale": 10,
    "num_trials": 10,
    "temperature": 0.9,
    "cutoff": 10
  }
}