{
  "judge_model": "gpt-4o",
  "temperature": 0.3,
  "individual_variances": [
    0.0,
    0.24000000000000005,
    0.0,
    0.0,
    0.0,
    0.0,
    0.0,
    0.0,
    0.0,
    0.0,
    0.24000000000000005,
    0.6399999999999999,
    0.0,
    0.0,
    0.25,
    0.0,
    0.08999999999999998,
    0.0,
    0.08999999999999998,
    0.36,
    0.0,
    0.09,
    0.1600000000000001,
    1.44,
    0.61,
    1.4400000000000002,
    0.0,
    0.0,
    0.45,
    0.0,
    0.0,
    0.0,
    0.0,
    0.0,
    0.0,
    0.85,
    0.0,
    0.24,
    0.0,
    0.0,
    0.16,
    0.16,
    0.35999999999999993,
    0.0,
    0.21000000000000002,
    0.08999999999999998,
    0.0,
    0.0,
    0.0,
    0.0,
    0.0,
    0.24000000000000005,
    0.0,
    0.0,
    0.2,
    0.25,
    0.0,
    0.0,
    0.25,
    0.0,
    0.0,
    0.0,
    0.21000000000000002,
    0.0,
    0.0,
    0.09,
    0.0,
    0.25
  ],
  "average_variance": 0.1420588235294118,
  "num_responses": 68,
  "parameters": {
    "scale": 10,
    "num_trials": 10,
    "temperature": 0.3,
    "cutoff": 80
  }
}