{
  "judge_model": "gpt-3.5-turbo",
  "temperature": 0.3,
  "individual_variances": [
    0.0,
    0.0,
    0.24,
    0.16000000000000003,
    0.0,
    0.0,
    0.0,
    0.0,
    0.08999999999999998,
    0.16000000000000003,
    0.0,
    0.0,
    0.0,
    0.0,
    0.20999999999999996,
    0.0,
    0.0,
    0.24,
    0.0,
    0.0,
    0.0,
    0.0,
    0.21000000000000005,
    12.960000000000003,
    0.16000000000000003,
    0.0,
    0.0,
    0.0,
    0.0,
    0.24000000000000005,
    0.16,
    0.0,
    0.43999999999999984,
    0.25,
    0.0,
    0.0,
    0.0,
    0.0,
    0.0,
    0.0,
    0.0,
    0.0,
    0.09,
    0.24000000000000005,
    0.16000000000000006,
    0.25,
    0.16000000000000003,
    0.0,
    0.0,
    0.0,
    0.6899999999999998,
    0.96,
    0.0,
    0.8100000000000002,
    0.20999999999999996,
    0.0,
    0.0,
    0.039999999999999994,
    0.0,
    0.0,
    0.0,
    0.08999999999999997,
    0.0,
    0.0,
    0.0,
    0.0,
    0.0,
    0.0,
    0.0,
    0.0,
    0.0,
    0.24,
    0.0,
    0.09,
    0.0,
    0.0,
    0.0,
    0.0,
    0.15999999999999998,
    0.0
  ],
  "average_variance": 0.246375,
  "num_responses": 80,
  "parameters": {
    "scale": 10,
    "num_trials": 10,
    "temperature": 0.3,
    "cutoff": 80
  }
}