{
  "judge_model": "gpt-3.5-turbo",
  "temperature": 1.0,
  "individual_variances": [
    0.16000000000000003,
    0.0,
    0.15999999999999998,
    0.0,
    0.41,
    0.21000000000000002,
    0.08999999999999998,
    0.15999999999999998,
    0.16000000000000006,
    0.45
  ],
  "average_variance": 0.18,
  "num_responses": 10,
  "parameters": {
    "scale": 10,
    "num_trials": 10,
    "temperature": 1.0,
    "cutoff": 10
  }
}