{
  "judge_model": "gpt-3.5-turbo",
  "temperature": 0.5,
  "individual_variances": [
    0.0,
    0.0,
    0.25,
    0.0,
    0.0,
    0.09,
    0.0,
    0.0,
    0.24,
    0.16000000000000003,
    0.0,
    0.0,
    0.0,
    0.0,
    0.25,
    0.15999999999999998,
    0.0,
    0.25,
    0.0,
    0.08999999999999998,
    0.0,
    0.0,
    0.16000000000000003,
    17.01,
    0.09,
    0.0,
    0.0,
    0.08999999999999998,
    0.09,
    0.45,
    0.41,
    0.0,
    0.21000000000000005,
    0.44000000000000006,
    0.6399999999999999,
    1.41,
    0.36,
    0.09,
    0.0,
    0.0,
    0.0,
    0.08999999999999997,
    0.0,
    0.21000000000000002,
    0.21000000000000002,
    0.16000000000000003,
    0.16000000000000003,
    0.21000000000000002,
    0.0,
    0.15999999999999998,
    0.15999999999999998,
    2.84,
    0.36,
    0.9600000000000002,
    0.25,
    0.0,
    0.0,
    0.052500000000000005,
    0.21000000000000005,
    0.09,
    0.0,
    0.21000000000000002,
    0.0,
    0.0,
    0.0,
    0.16000000000000003,
    0.0,
    0.0,
    0.08999999999999998,
    0.0,
    0.0,
    0.1600000000000001,
    0.0,
    0.0,
    0.0,
    0.0,
    0.0,
    0.09,
    0.0,
    0.0
  ],
  "average_variance": 0.3721562500000001,
  "num_responses": 80,
  "parameters": {
    "scale": 10,
    "num_trials": 10,
    "temperature": 0.5,
    "cutoff": 80
  }
}