{
  "judge_model": "gpt-3.5-turbo",
  "temperature": 0.4,
  "individual_variances": [
    0.0,
    0.0,
    0.0,
    0.08999999999999997,
    0.08999999999999998,
    0.0,
    0.0,
    0.0,
    0.21000000000000002,
    0.25,
    0.0,
    0.0,
    0.0,
    0.0,
    0.15999999999999998,
    0.0,
    0.0,
    0.16000000000000003,
    0.09,
    0.08999999999999998,
    0.0,
    0.0,
    0.08999999999999997,
    7.290000000000001,
    0.21000000000000002,
    0.0,
    0.0,
    0.08999999999999998,
    0.0,
    0.25
  ],
  "average_variance": 0.3023333333333334,
  "num_responses": 30,
  "parameters": {
    "scale": 10,
    "num_trials": 10,
    "temperature": 0.4,
    "cutoff": 30
  }
}