{
  "judge_model": "gpt-4o-mini",
  "temperature": 0.9,
  "individual_variances": [
    0.0,
    0.0,
    0.0,
    0.0,
    0.0,
    0.16,
    0.0,
    0.21000000000000002,
    0.21000000000000002,
    0.0,
    0.41,
    0.29,
    0.0,
    0.0,
    0.41,
    0.21000000000000002,
    0.0,
    0.0,
    0.0,
    0.08999999999999997,
    0.0,
    0.6399999999999999,
    0.0,
    1.6399999999999995,
    0.24000000000000005,
    0.0,
    0.0,
    0.24,
    0.15999999999999998,
    0.0
  ],
  "average_variance": 0.16366666666666668,
  "num_responses": 30,
  "parameters": {
    "scale": 10,
    "num_trials": 10,
    "temperature": 0.9,
    "cutoff": 30
  }
}