{
  "judge_model": "gpt-4o-mini",
  "temperature": 0.6,
  "individual_variances": [
    0.0,
    0.0,
    0.0,
    0.0,
    0.0,
    0.0,
    0.0,
    0.24,
    0.24,
    0.0,
    0.24,
    0.21000000000000002,
    0.09,
    0.0,
    0.15999999999999998,
    0.08999999999999998,
    0.0,
    0.0,
    0.0,
    0.0,
    0.0,
    0.76,
    0.0,
    7.290000000000001,
    0.65,
    0.0,
    0.0,
    0.0,
    0.24,
    0.0
  ],
  "average_variance": 0.3403333333333334,
  "num_responses": 30,
  "parameters": {
    "scale": 10,
    "num_trials": 10,
    "temperature": 0.6,
    "cutoff": 30
  }
}