{
  "judge_model": "gpt-4o-mini",
  "temperature": 0.2,
  "individual_variances": [
    0.0,
    0.0,
    0.0,
    0.0,
    0.0,
    0.0,
    0.0,
    0.0,
    0.24000000000000005,
    0.0,
    0.15999999999999998,
    0.0,
    0.0,
    0.0,
    0.0,
    0.0,
    0.0,
    0.0,
    0.0,
    0.0,
    0.0,
    0.9600000000000002,
    0.0,
    0.0,
    0.15999999999999998,
    0.0,
    0.0,
    0.16,
    0.09,
    0.0
  ],
  "average_variance": 0.05900000000000001,
  "num_responses": 30,
  "parameters": {
    "scale": 10,
    "num_trials": 10,
    "temperature": 0.2,
    "cutoff": 30
  }
}