{
  "judge_model": "gpt-3.5-turbo",
  "temperature": 0.6,
  "individual_variances": [
    0.0,
    0.0,
    0.25,
    0.25,
    0.0,
    0.0,
    0.2,
    0.0,
    0.15999999999999998,
    0.29000000000000004,
    0.0,
    0.0,
    0.08999999999999998,
    0.0,
    0.08999999999999998,
    0.16000000000000003,
    0.0,
    0.21000000000000002,
    0.08999999999999998,
    0.09,
    0.35999999999999993,
    0.0,
    0.09,
    17.009999999999998,
    0.0,
    0.0,
    0.0,
    0.41,
    0.09,
    0.24
  ],
  "average_variance": 0.6693333333333331,
  "num_responses": 30,
  "parameters": {
    "scale": 10,
    "num_trials": 10,
    "temperature": 0.6,
    "cutoff": 30
  }
}