{
  "judge_model": "gpt-4o",
  "temperature": 0.5,
  "individual_variances": [
    0.0,
    0.25,
    0.0,
    0.0,
    0.0,
    0.0,
    0.0,
    0.20999999999999996,
    0.0,
    0.08999999999999998,
    0.09,
    1.21,
    0.08999999999999998,
    0.0,
    0.24,
    0.0,
    0.24000000000000005,
    0.16,
    0.16000000000000003,
    0.24,
    0.0,
    0.20999999999999996,
    0.21000000000000002,
    1.44,
    1.56,
    1.4400000000000002,
    0.0,
    0.0,
    0.15999999999999998,
    0.0,
    0.0,
    0.0,
    0.0,
    0.0,
    0.0,
    1.81,
    0.0,
    0.85,
    0.0,
    0.0,
    0.24,
    0.09,
    0.0,
    0.1600000000000001,
    0.2899999999999999,
    2.6100000000000003,
    0.0,
    0.25,
    0.21000000000000002,
    0.16000000000000003,
    0.0,
    0.0,
    0.0,
    0.0,
    0.43999999999999995,
    0.0,
    0.09,
    0.0,
    0.6,
    0.89,
    0.0,
    0.0,
    0.24000000000000005,
    0.0,
    0.24000000000000005,
    0.0,
    0.08999999999999998,
    0.21000000000000002
  ],
  "average_variance": 0.25691176470588234,
  "num_responses": 68,
  "parameters": {
    "scale": 10,
    "num_trials": 10,
    "temperature": 0.5,
    "cutoff": 80
  }
}