{
  "judge_model": "gpt-4o",
  "temperature": 1.0,
  "individual_variances": [
    0.0,
    0.09,
    0.0,
    0.08999999999999998,
    0.15999999999999998,
    0.21000000000000002,
    0.08999999999999997,
    0.24000000000000005,
    0.09,
    0.25,
    0.5599999999999999,
    0.69,
    0.61,
    0.0,
    0.24,
    0.08999999999999997,
    0.08999999999999998,
    0.16000000000000006,
    0.24,
    0.24000000000000005,
    0.0,
    0.41,
    0.24000000000000005,
    2.4099999999999993,
    4.289999999999999,
    9.05,
    0.0,
    0.0,
    0.69,
    0.08999999999999998,
    0.0,
    0.0,
    0.09,
    0.09,
    0.0,
    3.29,
    0.0,
    0.43999999999999995,
    0.0,
    0.0,
    0.21000000000000002,
    0.08999999999999998,
    0.08999999999999998,
    0.21000000000000002,
    1.81,
    1.01,
    0.0,
    0.24000000000000005,
    0.1600000000000001,
    0.36000000000000004,
    0.0,
    0.0,
    0.0,
    0.0,
    0.6,
    0.0,
    0.0,
    0.6,
    0.44000000000000006,
    1.4099999999999997,
    0.0,
    0.25,
    0.0,
    0.20999999999999996,
    0.65,
    0.24,
    0.08999999999999998,
    0.08999999999999998,
    0.21000000000000002,
    0.2899999999999999,
    0.09,
    0.0,
    0.0,
    0.08999999999999998,
    0.24,
    0.08999999999999998,
    0.20999999999999996,
    0.0,
    0.08999999999999998,
    0.1600000000000001
  ],
  "average_variance": 0.44325000000000025,
  "num_responses": 80,
  "parameters": {
    "scale": 10,
    "num_trials": 10,
    "temperature": 1.0,
    "cutoff": 80
  }
}