{
  "judge_model": "gpt-4o-mini",
  "temperature": 0.4,
  "individual_variances": [
    0.0,
    0.0,
    0.0,
    0.0,
    0.0,
    0.0,
    0.0,
    0.16000000000000006,
    0.20999999999999996,
    0.0,
    0.24,
    0.0,
    0.0,
    0.0,
    0.15999999999999998,
    0.08999999999999998,
    0.0,
    0.0,
    0.0,
    0.0,
    0.0,
    0.6899999999999998,
    0.0,
    0.0,
    0.09,
    0.0,
    0.0,
    0.0,
    0.16,
    0.0
  ],
  "average_variance": 0.05999999999999999,
  "num_responses": 30,
  "parameters": {
    "scale": 10,
    "num_trials": 10,
    "temperature": 0.4,
    "cutoff": 30
  }
}