{
  "judge_model": "gpt-4o",
  "temperature": 0.7,
  "individual_variances": [
    0.0,
    0.24,
    0.21000000000000002,
    0.08999999999999997,
    0.0,
    0.24,
    0.16,
    0.08999999999999998,
    0.08999999999999998,
    0.0,
    0.69,
    0.69,
    0.29,
    0.09,
    0.21000000000000005,
    0.0,
    0.24000000000000005,
    0.08999999999999998,
    0.21000000000000002,
    0.24000000000000005,
    0.0,
    0.21000000000000002,
    0.24000000000000005,
    1.21,
    2.45,
    15.160000000000002,
    0.0,
    0.0,
    0.6100000000000001,
    0.0
  ],
  "average_variance": 0.7916666666666666,
  "num_responses": 30,
  "parameters": {
    "scale": 10,
    "num_trials": 10,
    "temperature": 0.7,
    "cutoff": 30
  }
}