{
  "judge_model": "gpt-4o",
  "temperature": 0.7,
  "individual_variances": [
    0.08999999999999998,
    0.0,
    0.8099999999999999,
    0.20999999999999996,
    0.0,
    0.25,
    0.09,
    0.25,
    0.29000000000000004,
    0.41
  ],
  "average_variance": 0.24,
  "num_responses": 10,
  "parameters": {
    "scale": 10,
    "num_trials": 10,
    "temperature": 0.7,
    "cutoff": 10
  }
}