{
  "judge_model": "gpt-3.5-turbo",
  "temperature": 0.1,
  "individual_variances": [
    0.0,
    0.0,
    0.0,
    0.0,
    0.0,
    0.0,
    0.0,
    0.0,
    0.16,
    0.08999999999999998,
    0.0,
    0.0,
    0.0,
    0.0,
    0.0,
    0.0,
    0.0,
    0.16,
    0.0,
    0.0,
    0.0,
    0.0,
    0.0,
    0.0,
    0.16,
    0.0,
    0.0,
    0.0,
    0.0,
    0.6399999999999999
  ],
  "average_variance": 0.04033333333333333,
  "num_responses": 30,
  "parameters": {
    "scale": 10,
    "num_trials": 10,
    "temperature": 0.1,
    "cutoff": 30
  }
}