{
  "judge_model": "gpt-4o",
  "temperature": 0.8,
  "individual_variances": [
    0.1600000000000001,
    0.0,
    1.2899999999999998,
    0.0,
    0.0,
    0.21000000000000002,
    0.08999999999999998,
    0.08999999999999998,
    0.21000000000000002,
    0.41
  ],
  "average_variance": 0.24600000000000005,
  "num_responses": 10,
  "parameters": {
    "scale": 10,
    "num_trials": 10,
    "temperature": 0.8,
    "cutoff": 10
  }
}