{
  "judge_model": "gpt-3.5-turbo",
  "temperature": 0.8,
  "individual_variances": [
    0.0,
    0.0,
    0.25,
    0.25,
    0.08999999999999998,
    0.21000000000000002,
    0.0,
    0.08999999999999998,
    0.16000000000000006,
    0.24,
    0.0,
    0.0,
    0.09,
    0.0,
    0.25,
    0.24000000000000005,
    0.0,
    0.21000000000000002,
    0.0,
    0.25,
    0.0,
    0.08999999999999998,
    0.0,
    7.290000000000001,
    0.44000000000000006,
    1.4400000000000002,
    0.0,
    0.41,
    0.15999999999999998,
    0.24000000000000005
  ],
  "average_variance": 0.41333333333333333,
  "num_responses": 30,
  "parameters": {
    "scale": 10,
    "num_trials": 10,
    "temperature": 0.8,
    "cutoff": 30
  }
}