{
  "judge_model": "gpt-4o",
  "temperature": 0.2,
  "individual_variances": [
    0.0,
    0.0,
    0.0,
    0.0,
    0.0,
    0.21000000000000002,
    0.0,
    0.0,
    0.0,
    0.0,
    0.25,
    0.41,
    0.0,
    0.0,
    0.25,
    0.0,
    0.0,
    0.0,
    0.08999999999999998,
    0.0,
    0.0,
    0.08999999999999997,
    0.0,
    0.0,
    0.8099999999999999,
    0.0,
    0.0,
    0.0,
    0.21000000000000002,
    0.0
  ],
  "average_variance": 0.07733333333333334,
  "num_responses": 30,
  "parameters": {
    "scale": 10,
    "num_trials": 10,
    "temperature": 0.2,
    "cutoff": 30
  }
}