{
  "judge_model": "gpt-4o",
  "temperature": 0.9,
  "individual_variances": [
    0.09,
    0.24,
    0.0,
    0.08999999999999998,
    0.09,
    0.24,
    0.21000000000000005,
    0.08999999999999998,
    0.08999999999999997,
    0.08999999999999997,
    0.6399999999999999,
    0.21000000000000002,
    0.25,
    0.0,
    0.4,
    0.0,
    0.21000000000000002,
    0.08999999999999998,
    0.16,
    0.25,
    0.0,
    0.44000000000000006,
    0.16000000000000003,
    2.6,
    3.8899999999999997,
    15.360000000000003,
    0.0,
    0.0,
    0.43999999999999995,
    0.0
  ],
  "average_variance": 0.8776666666666668,
  "num_responses": 30,
  "parameters": {
    "scale": 10,
    "num_trials": 10,
    "temperature": 0.9,
    "cutoff": 30
  }
}