{
  "judge_model": "gpt-4o",
  "temperature": 0.6,
  "individual_variances": [
    0.09,
    0.0,
    0.24,
    0.16,
    0.0,
    0.09,
    0.0,
    0.08999999999999997,
    0.21000000000000002,
    0.09
  ],
  "average_variance": 0.09699999999999999,
  "num_responses": 10,
  "parameters": {
    "scale": 10,
    "num_trials": 10,
    "temperature": 0.6,
    "cutoff": 10
  }
}