{
  "judge_model": "gpt-3.5-turbo",
  "temperature": 0.9,
  "individual_variances": [
    0.08999999999999998,
    0.0,
    0.20999999999999996,
    0.21000000000000002,
    0.0,
    0.0,
    0.08999999999999998,
    0.0,
    0.24000000000000005,
    0.43999999999999995,
    0.0,
    0.0,
    0.08999999999999998,
    0.09,
    0.41000000000000003,
    0.16,
    0.0,
    0.21000000000000002,
    0.36,
    0.2,
    0.08999999999999998,
    0.0,
    0.24,
    16.29,
    0.8,
    1.44,
    0.0,
    0.0,
    0.3599999999999999,
    0.96
  ],
  "average_variance": 0.766,
  "num_responses": 30,
  "parameters": {
    "scale": 10,
    "num_trials": 10,
    "temperature": 0.9,
    "cutoff": 30
  }
}