{
  "judge_model": "gpt-4o-mini",
  "temperature": 0.7,
  "individual_variances": [
    0.0,
    0.0,
    0.0,
    0.0,
    0.0,
    0.0,
    0.0,
    0.21000000000000002,
    0.0,
    0.0,
    0.21000000000000002,
    0.0,
    0.09,
    0.0,
    0.45,
    0.15999999999999998,
    0.0,
    0.0,
    0.0,
    0.0,
    0.0,
    0.5599999999999999,
    0.0,
    0.0,
    0.09,
    0.36000000000000004,
    0.0,
    0.1600000000000001,
    0.16000000000000003,
    0.0
  ],
  "average_variance": 0.08166666666666668,
  "num_responses": 30,
  "parameters": {
    "scale": 10,
    "num_trials": 10,
    "temperature": 0.7,
    "cutoff": 30
  }
}