{
  "judge_model": "gpt-3.5-turbo",
  "temperature": 0.7,
  "individual_variances": [
    0.0,
    0.08999999999999997,
    0.08999999999999997,
    0.21000000000000002,
    0.20999999999999996,
    0.09,
    0.0,
    0.25,
    0.41,
    0.09
  ],
  "average_variance": 0.144,
  "num_responses": 10,
  "parameters": {
    "scale": 10,
    "num_trials": 10,
    "temperature": 0.7,
    "cutoff": 10
  }
}