{
  "judge_model": "gpt-4o",
  "temperature": 0.6,
  "individual_variances": [
    0.0,
    0.21000000000000002,
    0.0,
    0.0,
    0.0,
    0.20999999999999996,
    0.08999999999999998,
    0.08999999999999998,
    0.0,
    0.08999999999999997,
    0.2,
    0.61,
    0.2899999999999999,
    0.0,
    0.41,
    0.0,
    0.0,
    0.09,
    0.08999999999999998,
    0.09,
    0.0,
    0.0,
    0.21000000000000002,
    7.290000000000002,
    1.56,
    0.0,
    0.0,
    0.0,
    0.20999999999999996,
    0.0
  ],
  "average_variance": 0.3913333333333334,
  "num_responses": 30,
  "parameters": {
    "scale": 10,
    "num_trials": 10,
    "temperature": 0.6,
    "cutoff": 30
  }
}